BUILD ERRORS LOG
Generated: 2025-11-15T07:04:05.907Z
Build exit code: 0

ERRORS:
============================================================
Error loading Pokemon: Error: Failed to fetch Pokemon species data for name: squawkabilly-white-plumage: 404
    at <unknown> (.next/server/app/pokemon/[name]/page.js:1:716)
Error loading Pokémon data: Error: Failed to fetch Pokemon species data for name: floette-red: 404
    at <unknown> (.next/server/app/pokemon/[name]/[game]/[dex]/page.js:2:7688)
Error generating metadata: Error: Failed to fetch Pokemon species data for name: floette-red: 404
    at <unknown> (.next/server/app/pokemon/[name]/[game]/[dex]/page.js:2:7688)
Error loading Pokémon data: Error: Failed to fetch Pokemon species data for name: floette-yellow: 404
    at <unknown> (.next/server/app/pokemon/[name]/[game]/[dex]/page.js:2:7688)
Error generating metadata: Error: Failed to fetch Pokemon species data for name: floette-yellow: 404
    at <unknown> (.next/server/app/pokemon/[name]/[game]/[dex]/page.js:2:7688)
Error loading Pokémon data: Error: Failed to fetch Pokemon species data for name: floette-orange: 404
    at <unknown> (.next/server/app/pokemon/[name]/[game]/[dex]/page.js:2:7688)
Error generating metadata: Error: Failed to fetch Pokemon species data for name: floette-orange: 404
    at <unknown> (.next/server/app/pokemon/[name]/[game]/[dex]/page.js:2:7688)
Error loading Pokémon data: Error: Failed to fetch Pokemon species data for name: floette-blue: 404
    at <unknown> (.next/server/app/pokemon/[name]/[game]/[dex]/page.js:2:7688)
Error generating metadata: Error: Failed to fetch Pokemon species data for name: floette-blue: 404
    at <unknown> (.next/server/app/pokemon/[name]/[game]/[dex]/page.js:2:7688)
Error loading Pokémon data: Error: Failed to fetch Pokemon species data for name: floette-white: 404
    at <unknown> (.next/server/app/pokemon/[name]/[game]/[dex]/page.js:2:7688)
Error generating metadata: Error: Failed to fetch Pokemon species data for name: floette-white: 404
    at <unknown> (.next/server/app/pokemon/[name]/[game]/[dex]/page.js:2:7688)
Error loading Pokémon data: Error: Failed to fetch Pokemon species data for name: floette-eternal: 404
    at <unknown> (.next/server/app/pokemon/[name]/[game]/[dex]/page.js:2:7688)
Error generating metadata: Error: Failed to fetch Pokemon species data for name: floette-eternal: 404
    at <unknown> (.next/server/app/pokemon/[name]/[game]/[dex]/page.js:2:7688)
Error loading Pokemon: Error: Failed to fetch Pokemon species data for name: palafin-hero: 404
    at <unknown> (.next/server/app/pokemon/[name]/page.js:1:716)
Error loading Pokémon data: Error: Failed to fetch Pokemon species data for name: rockruff-own-tempo: 404
    at <unknown> (.next/server/app/pokemon/[name]/[game]/[dex]/page.js:2:7688)
Error generating metadata: Error: Failed to fetch Pokemon species data for name: rockruff-own-tempo: 404
    at <unknown> (.next/server/app/pokemon/[name]/[game]/[dex]/page.js:2:7688)
Error loading Pokemon: Error: Failed to fetch Pokemon species data for name: tatsugiri-droopy: 404
    at <unknown> (.next/server/app/pokemon/[name]/page.js:1:716)
Error loading Pokemon: Error: Failed to fetch Pokemon species data for name: tatsugiri-stretchy: 404
    at <unknown> (.next/server/app/pokemon/[name]/page.js:1:716)
Error loading Pokémon data: Error: Failed to fetch Pokemon species data for name: minior-yellow-meteor: 404
    at <unknown> (.next/server/app/pokemon/[name]/[game]/[dex]/page.js:2:7688)
Error generating metadata: Error: Failed to fetch Pokemon species data for name: minior-yellow-meteor: 404
    at <unknown> (.next/server/app/pokemon/[name]/[game]/[dex]/page.js:2:7688)
Error loading Pokémon data: Error: Failed to fetch Pokemon species data for name: minior-orange-meteor: 404
    at <unknown> (.next/server/app/pokemon/[name]/[game]/[dex]/page.js:2:7688)
Error generating metadata: Error: Failed to fetch Pokemon species data for name: minior-orange-meteor: 404
    at <unknown> (.next/server/app/pokemon/[name]/[game]/[dex]/page.js:2:7688)
Error loading Pokemon: Error: Failed to fetch Pokemon species data for name: dudunsparce-three-segment: 404
    at <unknown> (.next/server/app/pokemon/[name]/page.js:1:716)
Error loading Pokémon data: Error: Failed to fetch Pokemon species data for name: rotom-heat: 404
    at <unknown> (.next/server/app/pokemon/[name]/[game]/[dex]/page.js:2:7688)
Error generating metadata: Error: Failed to fetch Pokemon species data for name: rotom-heat: 404
    at <unknown> (.next/server/app/pokemon/[name]/[game]/[dex]/page.js:2:7688)
Error loading Pokemon: Error: Failed to fetch Pokemon species data for name: raticate-totem: 404
    at <unknown> (.next/server/app/pokemon/[name]/page.js:1:716)
Error loading Pokemon: Error: Failed to fetch Pokemon species data for name: gimmighoul-roaming: 404
    at <unknown> (.next/server/app/pokemon/[name]/page.js:1:716)
Error loading Pokemon: Error: Failed to fetch Pokemon species data for name: gimmighoul-chest: 404
    at <unknown> (.next/server/app/pokemon/[name]/page.js:1:716)
Error loading Pokémon data: Error: Failed to fetch Pokemon species data for name: minior-orange-meteor: 404
    at <unknown> (.next/server/app/pokemon/[name]/[game]/[dex]/page.js:2:7688)
Error generating metadata: Error: Failed to fetch Pokemon species data for name: minior-orange-meteor: 404
    at <unknown> (.next/server/app/pokemon/[name]/[game]/[dex]/page.js:2:7688)
Error loading Pokémon data: Error: Failed to fetch Pokemon species data for name: minior-yellow-meteor: 404
    at <unknown> (.next/server/app/pokemon/[name]/[game]/[dex]/page.js:2:7688)
Error generating metadata: Error: Failed to fetch Pokemon species data for name: minior-yellow-meteor: 404
    at <unknown> (.next/server/app/pokemon/[name]/[game]/[dex]/page.js:2:7688)
Error loading Pokémon data: Error: Failed to fetch Pokemon species data for name: minior-green-meteor: 404
    at <unknown> (.next/server/app/pokemon/[name]/[game]/[dex]/page.js:2:7688)
Error generating metadata: Error: Failed to fetch Pokemon species data for name: minior-green-meteor: 404
    at <unknown> (.next/server/app/pokemon/[name]/[game]/[dex]/page.js:2:7688)
Error loading Pokémon data: Error: Failed to fetch Pokemon species data for name: rotom-wash: 404
    at <unknown> (.next/server/app/pokemon/[name]/[game]/[dex]/page.js:2:7688)
Error generating metadata: Error: Failed to fetch Pokemon species data for name: rotom-wash: 404
    at <unknown> (.next/server/app/pokemon/[name]/[game]/[dex]/page.js:2:7688)
Error loading Pokémon data: Error: Failed to fetch Pokemon species data for name: rotom-mow: 404
    at <unknown> (.next/server/app/pokemon/[name]/[game]/[dex]/page.js:2:7688)
Error generating metadata: Error: Failed to fetch Pokemon species data for name: rotom-mow: 404
    at <unknown> (.next/server/app/pokemon/[name]/[game]/[dex]/page.js:2:7688)
Error loading Pokémon data: Error: Failed to fetch Pokemon species data for name: rotom-fan: 404
    at <unknown> (.next/server/app/pokemon/[name]/[game]/[dex]/page.js:2:7688)
Error generating metadata: Error: Failed to fetch Pokemon species data for name: rotom-fan: 404
    at <unknown> (.next/server/app/pokemon/[name]/[game]/[dex]/page.js:2:7688)
Error loading Pokémon data: Error: Failed to fetch Pokemon species data for name: rotom-frost: 404
    at <unknown> (.next/server/app/pokemon/[name]/[game]/[dex]/page.js:2:7688)
Error generating metadata: Error: Failed to fetch Pokemon species data for name: rotom-frost: 404
    at <unknown> (.next/server/app/pokemon/[name]/[game]/[dex]/page.js:2:7688)
Error loading Pokemon: Error: Failed to fetch Pokemon species data for name: koraidon-limited-build: 404
    at <unknown> (.next/server/app/pokemon/[name]/page.js:1:716)
Error loading Pokemon: Error: Failed to fetch Pokemon species data for name: koraidon-sprinting-build: 404
    at <unknown> (.next/server/app/pokemon/[name]/page.js:1:716)
Error loading Pokemon: Error: Failed to fetch Pokemon species data for name: koraidon-apex-build: 404
    at <unknown> (.next/server/app/pokemon/[name]/page.js:1:716)
Error loading Pokémon data: Error: Failed to fetch Pokemon species data for name: minior-green-meteor: 404
    at <unknown> (.next/server/app/pokemon/[name]/[game]/[dex]/page.js:2:7688)
Error generating metadata: Error: Failed to fetch Pokemon species data for name: minior-green-meteor: 404
    at <unknown> (.next/server/app/pokemon/[name]/[game]/[dex]/page.js:2:7688)
Error loading Pokémon data: Error: Failed to fetch Pokemon species data for name: minior-indigo-meteor: 404
    at <unknown> (.next/server/app/pokemon/[name]/[game]/[dex]/page.js:2:7688)
Error generating metadata: Error: Failed to fetch Pokemon species data for name: minior-indigo-meteor: 404
    at <unknown> (.next/server/app/pokemon/[name]/[game]/[dex]/page.js:2:7688)
Error loading Pokémon data: Error: Failed to fetch Pokemon species data for name: minior-violet-meteor: 404
    at <unknown> (.next/server/app/pokemon/[name]/[game]/[dex]/page.js:2:7688)
Error generating metadata: Error: Failed to fetch Pokemon species data for name: minior-violet-meteor: 404
    at <unknown> (.next/server/app/pokemon/[name]/[game]/[dex]/page.js:2:7688)
Error loading Pokémon data: Error: Failed to fetch Pokemon species data for name: minior-blue-meteor: 404
    at <unknown> (.next/server/app/pokemon/[name]/[game]/[dex]/page.js:2:7688)
Error generating metadata: Error: Failed to fetch Pokemon species data for name: minior-blue-meteor: 404
    at <unknown> (.next/server/app/pokemon/[name]/[game]/[dex]/page.js:2:7688)
Error loading Pokémon data: Error: Failed to fetch Pokemon species data for name: minior-red: 404
    at <unknown> (.next/server/app/pokemon/[name]/[game]/[dex]/page.js:2:7688)
Error generating metadata: Error: Failed to fetch Pokemon species data for name: minior-red: 404
    at <unknown> (.next/server/app/pokemon/[name]/[game]/[dex]/page.js:2:7688)
Error loading Pokémon data: Error: Failed to fetch Pokemon species data for name: minior-orange: 404
    at <unknown> (.next/server/app/pokemon/[name]/[game]/[dex]/page.js:2:7688)
Error generating metadata: Error: Failed to fetch Pokemon species data for name: minior-orange: 404
    at <unknown> (.next/server/app/pokemon/[name]/[game]/[dex]/page.js:2:7688)
Error loading Pokémon data: Error: Failed to fetch Pokemon species data for name: minior-green: 404
    at <unknown> (.next/server/app/pokemon/[name]/[game]/[dex]/page.js:2:7688)
Error generating metadata: Error: Failed to fetch Pokemon species data for name: minior-green: 404
    at <unknown> (.next/server/app/pokemon/[name]/[game]/[dex]/page.js:2:7688)
Error loading Pokémon data: Error: Failed to fetch Pokemon species data for name: minior-yellow: 404
    at <unknown> (.next/server/app/pokemon/[name]/[game]/[dex]/page.js:2:7688)
Error generating metadata: Error: Failed to fetch Pokemon species data for name: minior-yellow: 404
    at <unknown> (.next/server/app/pokemon/[name]/[game]/[dex]/page.js:2:7688)
Error loading Pokémon data: Error: Failed to fetch Pokemon species data for name: minior-blue: 404
    at <unknown> (.next/server/app/pokemon/[name]/[game]/[dex]/page.js:2:7688)
Error generating metadata: Error: Failed to fetch Pokemon species data for name: minior-blue: 404
    at <unknown> (.next/server/app/pokemon/[name]/[game]/[dex]/page.js:2:7688)
Error loading Pokémon data: Error: Failed to fetch Pokemon species data for name: minior-indigo: 404
    at <unknown> (.next/server/app/pokemon/[name]/[game]/[dex]/page.js:2:7688)
Error generating metadata: Error: Failed to fetch Pokemon species data for name: minior-indigo: 404
    at <unknown> (.next/server/app/pokemon/[name]/[game]/[dex]/page.js:2:7688)
Error loading Pokémon data: Error: Failed to fetch Pokemon species data for name: minior-violet: 404
    at <unknown> (.next/server/app/pokemon/[name]/[game]/[dex]/page.js:2:7688)
Error generating metadata: Error: Failed to fetch Pokemon species data for name: minior-violet: 404
    at <unknown> (.next/server/app/pokemon/[name]/[game]/[dex]/page.js:2:7688)
Error loading Pokemon: Error: Failed to fetch Pokemon species data for name: miraidon-low-power-mode: 404
    at <unknown> (.next/server/app/pokemon/[name]/page.js:1:716)
Error loading Pokemon: Error: Failed to fetch Pokemon species data for name: miraidon-ultimate-mode: 404
    at <unknown> (.next/server/app/pokemon/[name]/page.js:1:716)
Error loading Pokemon: Error: Failed to fetch Pokemon species data for name: koraidon-swimming-build: 404
    at <unknown> (.next/server/app/pokemon/[name]/page.js:1:716)
Error loading Pokemon: Error: Failed to fetch Pokemon species data for name: koraidon-gliding-build: 404
    at <unknown> (.next/server/app/pokemon/[name]/page.js:1:716)
Error loading Pokemon: Error: Failed to fetch Pokemon species data for name: miraidon-drive-mode: 404
    at <unknown> (.next/server/app/pokemon/[name]/page.js:1:716)
Error loading Pokemon: Error: Failed to fetch Pokemon species data for name: miraidon-aquatic-mode: 404
    at <unknown> (.next/server/app/pokemon/[name]/page.js:1:716)
Error loading Pokemon: Error: Failed to fetch Pokemon species data for name: miraidon-glide-mode: 404
    at <unknown> (.next/server/app/pokemon/[name]/page.js:1:716)
Error loading Pokemon: Error: Failed to fetch Pokemon species data for name: ogerpon-hearthflame-mask: 404
    at <unknown> (.next/server/app/pokemon/[name]/page.js:1:716)
Error loading Pokemon: Error: Failed to fetch Pokemon species data for name: ogerpon-wellspring-mask: 404
    at <unknown> (.next/server/app/pokemon/[name]/page.js:1:716)
Error loading Pokemon: Error: Failed to fetch Pokemon species data for name: pikachu-rock-star: 404
    at <unknown> (.next/server/app/pokemon/[name]/page.js:1:716)
Error loading Pokemon: Error: Failed to fetch Pokemon species data for name: pikachu-belle: 404
    at <unknown> (.next/server/app/pokemon/[name]/page.js:1:716)
Error loading Pokemon: Error: Failed to fetch Pokemon species data for name: pikachu-pop-star: 404
    at <unknown> (.next/server/app/pokemon/[name]/page.js:1:716)
Error loading Pokemon: Error: Failed to fetch Pokemon species data for name: ogerpon-cornerstone-mask: 404
    at <unknown> (.next/server/app/pokemon/[name]/page.js:1:716)
Error loading Pokémon data: Error: Failed to fetch Pokemon species data for name: rotom-frost: 404
    at <unknown> (.next/server/app/pokemon/[name]/[game]/[dex]/page.js:2:7688)
Error generating metadata: Error: Failed to fetch Pokemon species data for name: rotom-frost: 404
    at <unknown> (.next/server/app/pokemon/[name]/[game]/[dex]/page.js:2:7688)
Error loading Pokémon data: Error: Failed to fetch Pokemon species data for name: rotom-heat: 404
    at <unknown> (.next/server/app/pokemon/[name]/[game]/[dex]/page.js:2:7688)
Error generating metadata: Error: Failed to fetch Pokemon species data for name: rotom-heat: 404
    at <unknown> (.next/server/app/pokemon/[name]/[game]/[dex]/page.js:2:7688)
Error loading Pokémon data: Error: Failed to fetch Pokemon species data for name: rotom-wash: 404
    at <unknown> (.next/server/app/pokemon/[name]/[game]/[dex]/page.js:2:7688)
Error generating metadata: Error: Failed to fetch Pokemon species data for name: rotom-wash: 404
    at <unknown> (.next/server/app/pokemon/[name]/[game]/[dex]/page.js:2:7688)
Error loading Pokémon data: Error: Failed to fetch Pokemon species data for name: rotom-fan: 404
    at <unknown> (.next/server/app/pokemon/[name]/[game]/[dex]/page.js:2:7688)
Error generating metadata: Error: Failed to fetch Pokemon species data for name: rotom-fan: 404
    at <unknown> (.next/server/app/pokemon/[name]/[game]/[dex]/page.js:2:7688)
Error loading Pokémon data: Error: Failed to fetch Pokemon species data for name: rotom-mow: 404
    at <unknown> (.next/server/app/pokemon/[name]/[game]/[dex]/page.js:2:7688)
Error generating metadata: Error: Failed to fetch Pokemon species data for name: rotom-mow: 404
    at <unknown> (.next/server/app/pokemon/[name]/[game]/[dex]/page.js:2:7688)
Error loading Pokémon data: Error: Failed to fetch Pokemon species data for name: basculin-blue-striped: 404
    at <unknown> (.next/server/app/pokemon/[name]/[game]/[dex]/page.js:2:7688)
Error generating metadata: Error: Failed to fetch Pokemon species data for name: basculin-blue-striped: 404
    at <unknown> (.next/server/app/pokemon/[name]/[game]/[dex]/page.js:2:7688)
Error loading Pokémon data: Error: Failed to fetch Pokemon species data for name: basculin-white-striped: 404
    at <unknown> (.next/server/app/pokemon/[name]/[game]/[dex]/page.js:2:7688)
Error generating metadata: Error: Failed to fetch Pokemon species data for name: basculin-white-striped: 404
    at <unknown> (.next/server/app/pokemon/[name]/[game]/[dex]/page.js:2:7688)
Error loading Pokemon: Error: Failed to fetch Pokemon species data for name: terapagos-stellar: 404
    at <unknown> (.next/server/app/pokemon/[name]/page.js:1:716)
Error loading Pokemon: Error: Failed to fetch Pokemon species data for name: terapagos-terastal: 404
    at <unknown> (.next/server/app/pokemon/[name]/page.js:1:716)
Error loading Pokémon data: Error: Failed to fetch Pokemon species data for name: mimikyu-busted: 404
    at <unknown> (.next/server/app/pokemon/[name]/[game]/[dex]/page.js:2:7688)
Error generating metadata: Error: Failed to fetch Pokemon species data for name: mimikyu-busted: 404
    at <unknown> (.next/server/app/pokemon/[name]/[game]/[dex]/page.js:2:7688)
Error loading Pokémon data: Error: Failed to fetch Pokemon species data for name: mimikyu-totem: 404
    at <unknown> (.next/server/app/pokemon/[name]/[game]/[dex]/page.js:2:7688)
Error generating metadata: Error: Failed to fetch Pokemon species data for name: mimikyu-totem: 404
    at <unknown> (.next/server/app/pokemon/[name]/[game]/[dex]/page.js:2:7688)
Error loading Pokémon data: Error: Failed to fetch Pokemon species data for name: mimikyu-totem-busted: 404
    at <unknown> (.next/server/app/pokemon/[name]/[game]/[dex]/page.js:2:7688)
Error generating metadata: Error: Failed to fetch Pokemon species data for name: mimikyu-totem-busted: 404
    at <unknown> (.next/server/app/pokemon/[name]/[game]/[dex]/page.js:2:7688)
Error loading Pokémon data: Error: Failed to fetch Pokemon species data for name: dialga-origin: 404
    at <unknown> (.next/server/app/pokemon/[name]/[game]/[dex]/page.js:2:7688)
Error generating metadata: Error: Failed to fetch Pokemon species data for name: dialga-origin: 404
    at <unknown> (.next/server/app/pokemon/[name]/[game]/[dex]/page.js:2:7688)
Error loading Pokémon data: Error: Failed to fetch Pokemon species data for name: minior-violet-meteor: 404
    at <unknown> (.next/server/app/pokemon/[name]/[game]/[dex]/page.js:2:7688)
Error generating metadata: Error: Failed to fetch Pokemon species data for name: minior-violet-meteor: 404
    at <unknown> (.next/server/app/pokemon/[name]/[game]/[dex]/page.js:2:7688)
Error loading Pokémon data: Error: Failed to fetch Pokemon species data for name: minior-indigo-meteor: 404
    at <unknown> (.next/server/app/pokemon/[name]/[game]/[dex]/page.js:2:7688)
Error generating metadata: Error: Failed to fetch Pokemon species data for name: minior-indigo-meteor: 404
    at <unknown> (.next/server/app/pokemon/[name]/[game]/[dex]/page.js:2:7688)
Error loading Pokémon data: Error: Failed to fetch Pokemon species data for name: minior-blue-meteor: 404
    at <unknown> (.next/server/app/pokemon/[name]/[game]/[dex]/page.js:2:7688)
Error generating metadata: Error: Failed to fetch Pokemon species data for name: minior-blue-meteor: 404
    at <unknown> (.next/server/app/pokemon/[name]/[game]/[dex]/page.js:2:7688)
Error loading Pokémon data: Error: Failed to fetch Pokemon species data for name: minior-red: 404
    at <unknown> (.next/server/app/pokemon/[name]/[game]/[dex]/page.js:2:7688)
Error generating metadata: Error: Failed to fetch Pokemon species data for name: minior-red: 404
    at <unknown> (.next/server/app/pokemon/[name]/[game]/[dex]/page.js:2:7688)
Error loading Pokémon data: Error: Failed to fetch Pokemon species data for name: minior-blue: 404
    at <unknown> (.next/server/app/pokemon/[name]/[game]/[dex]/page.js:2:7688)
Error generating metadata: Error: Failed to fetch Pokemon species data for name: minior-blue: 404
    at <unknown> (.next/server/app/pokemon/[name]/[game]/[dex]/page.js:2:7688)
Error loading Pokémon data: Error: Failed to fetch Pokemon species data for name: minior-yellow: 404
    at <unknown> (.next/server/app/pokemon/[name]/[game]/[dex]/page.js:2:7688)
Error generating metadata: Error: Failed to fetch Pokemon species data for name: minior-yellow: 404
    at <unknown> (.next/server/app/pokemon/[name]/[game]/[dex]/page.js:2:7688)
Error loading Pokémon data: Error: Failed to fetch Pokemon species data for name: minior-green: 404
    at <unknown> (.next/server/app/pokemon/[name]/[game]/[dex]/page.js:2:7688)
Error generating metadata: Error: Failed to fetch Pokemon species data for name: minior-green: 404
    at <unknown> (.next/server/app/pokemon/[name]/[game]/[dex]/page.js:2:7688)
Error loading Pokémon data: Error: Failed to fetch Pokemon species data for name: minior-orange: 404
    at <unknown> (.next/server/app/pokemon/[name]/[game]/[dex]/page.js:2:7688)
Error generating metadata: Error: Failed to fetch Pokemon species data for name: minior-orange: 404
    at <unknown> (.next/server/app/pokemon/[name]/[game]/[dex]/page.js:2:7688)
Error loading Pokémon data: Error: Failed to fetch Pokemon species data for name: minior-indigo: 404
    at <unknown> (.next/server/app/pokemon/[name]/[game]/[dex]/page.js:2:7688)
Error generating metadata: Error: Failed to fetch Pokemon species data for name: minior-indigo: 404
    at <unknown> (.next/server/app/pokemon/[name]/[game]/[dex]/page.js:2:7688)
Error loading Pokémon data: Error: Failed to fetch Pokemon species data for name: minior-violet: 404
    at <unknown> (.next/server/app/pokemon/[name]/[game]/[dex]/page.js:2:7688)
Error generating metadata: Error: Failed to fetch Pokemon species data for name: minior-violet: 404
    at <unknown> (.next/server/app/pokemon/[name]/[game]/[dex]/page.js:2:7688)
Error loading Pokémon data: Error: Failed to fetch Pokemon species data for name: mimikyu-busted: 404
    at <unknown> (.next/server/app/pokemon/[name]/[game]/[dex]/page.js:2:7688)
Error generating metadata: Error: Failed to fetch Pokemon species data for name: mimikyu-busted: 404
    at <unknown> (.next/server/app/pokemon/[name]/[game]/[dex]/page.js:2:7688)
Error loading Pokémon data: Error: Failed to fetch Pokemon species data for name: mimikyu-totem-busted: 404
    at <unknown> (.next/server/app/pokemon/[name]/[game]/[dex]/page.js:2:7688)
Error generating metadata: Error: Failed to fetch Pokemon species data for name: mimikyu-totem-busted: 404
    at <unknown> (.next/server/app/pokemon/[name]/[game]/[dex]/page.js:2:7688)
Error loading Pokémon data: Error: Failed to fetch Pokemon species data for name: mimikyu-totem: 404
    at <unknown> (.next/server/app/pokemon/[name]/[game]/[dex]/page.js:2:7688)
Error generating metadata: Error: Failed to fetch Pokemon species data for name: mimikyu-totem: 404
    at <unknown> (.next/server/app/pokemon/[name]/[game]/[dex]/page.js:2:7688)
Error loading Pokémon data: Error: Failed to fetch Pokemon species data for name: raticate-totem: 404
    at <unknown> (.next/server/app/pokemon/[name]/page.js:1:716)
Error generating metadata: Error: Failed to fetch Pokemon species data for name: raticate-totem: 404
    at <unknown> (.next/server/app/pokemon/[name]/page.js:1:716)
Error loading Pokémon data: Error: Failed to fetch Pokemon species data for name: pikachu-rock-star: 404
    at <unknown> (.next/server/app/pokemon/[name]/page.js:1:716)
Error generating metadata: Error: Failed to fetch Pokemon species data for name: pikachu-rock-star: 404
    at <unknown> (.next/server/app/pokemon/[name]/page.js:1:716)
Error loading Pokémon data: Error: Failed to fetch Pokemon species data for name: palkia-origin: 404
    at <unknown> (.next/server/app/pokemon/[name]/[game]/[dex]/page.js:2:7688)
Error generating metadata: Error: Failed to fetch Pokemon species data for name: palkia-origin: 404
    at <unknown> (.next/server/app/pokemon/[name]/[game]/[dex]/page.js:2:7688)
Error loading Pokémon data: Error: Failed to fetch Pokemon species data for name: raticate-totem: 404
    at <unknown> (.next/server/app/pokemon/[name]/[game]/[dex]/page.js:2:7688)
Error generating metadata: Error: Failed to fetch Pokemon species data for name: raticate-totem: 404
    at <unknown> (.next/server/app/pokemon/[name]/[game]/[dex]/page.js:2:7688)
Error loading Pokémon data: Error: Failed to fetch Pokemon species data for name: raticate-totem: 404
    at <unknown> (.next/server/app/pokemon/[name]/[game]/[dex]/page.js:2:7688)
Error generating metadata: Error: Failed to fetch Pokemon species data for name: raticate-totem: 404
    at <unknown> (.next/server/app/pokemon/[name]/[game]/[dex]/page.js:2:7688)
Error loading Pokemon: Error: Failed to fetch Pokemon species data for name: pikachu-original-cap: 404
    at <unknown> (.next/server/app/pokemon/[name]/page.js:1:716)
Error loading Pokemon: Error: Failed to fetch Pokemon species data for name: pikachu-libre: 404
    at <unknown> (.next/server/app/pokemon/[name]/page.js:1:716)
Error loading Pokemon: Error: Failed to fetch Pokemon species data for name: pikachu-phd: 404
    at <unknown> (.next/server/app/pokemon/[name]/page.js:1:716)
Error loading Pokemon: Error: Failed to fetch Pokemon species data for name: pikachu-cosplay: 404
    at <unknown> (.next/server/app/pokemon/[name]/page.js:1:716)
Error loading Pokemon: Error: Failed to fetch Pokemon species data for name: pikachu-unova-cap: 404
    at <unknown> (.next/server/app/pokemon/[name]/page.js:1:716)
Error loading Pokemon: Error: Failed to fetch Pokemon species data for name: pikachu-sinnoh-cap: 404
    at <unknown> (.next/server/app/pokemon/[name]/page.js:1:716)
Error loading Pokemon: Error: Failed to fetch Pokemon species data for name: pikachu-world-cap: 404
    at <unknown> (.next/server/app/pokemon/[name]/page.js:1:716)
Error loading Pokemon: Error: Failed to fetch Pokemon species data for name: pikachu-partner-cap: 404
    at <unknown> (.next/server/app/pokemon/[name]/page.js:1:716)
Error loading Pokemon: Error: Failed to fetch Pokemon species data for name: pikachu-starter: 404
    at <unknown> (.next/server/app/pokemon/[name]/page.js:1:716)
Error loading Pokemon: Error: Failed to fetch Pokemon species data for name: pikachu-alola-cap: 404
    at <unknown> (.next/server/app/pokemon/[name]/page.js:1:716)
Error loading Pokémon data: Error: Failed to fetch Pokemon species data for name: cramorant-gorging: 404
    at <unknown> (.next/server/app/pokemon/[name]/[game]/[dex]/page.js:2:7688)
Error generating metadata: Error: Failed to fetch Pokemon species data for name: cramorant-gorging: 404
    at <unknown> (.next/server/app/pokemon/[name]/[game]/[dex]/page.js:2:7688)
Error loading Pokémon data: Error: Failed to fetch Pokemon species data for name: cramorant-gulping: 404
    at <unknown> (.next/server/app/pokemon/[name]/[game]/[dex]/page.js:2:7688)
Error generating metadata: Error: Failed to fetch Pokemon species data for name: cramorant-gulping: 404
    at <unknown> (.next/server/app/pokemon/[name]/[game]/[dex]/page.js:2:7688)
Error loading Pokémon data: Error: Failed to fetch Pokemon species data for name: giratina-origin: 404
    at <unknown> (.next/server/app/pokemon/[name]/[game]/[dex]/page.js:2:7688)
Error generating metadata: Error: Failed to fetch Pokemon species data for name: giratina-origin: 404
    at <unknown> (.next/server/app/pokemon/[name]/[game]/[dex]/page.js:2:7688)
Error loading Pokémon data: Error: Failed to fetch Pokemon species data for name: morpeko-hangry: 404
    at <unknown> (.next/server/app/pokemon/[name]/[game]/[dex]/page.js:2:7688)
Error generating metadata: Error: Failed to fetch Pokemon species data for name: morpeko-hangry: 404
    at <unknown> (.next/server/app/pokemon/[name]/[game]/[dex]/page.js:2:7688)
Error loading Pokémon data: Error: Failed to fetch Pokemon species data for name: pikachu-belle: 404
    at <unknown> (.next/server/app/pokemon/[name]/page.js:1:716)
Error generating metadata: Error: Failed to fetch Pokemon species data for name: pikachu-belle: 404
    at <unknown> (.next/server/app/pokemon/[name]/page.js:1:716)
Error loading Pokémon data: Error: Failed to fetch Pokemon species data for name: pikachu-libre: 404
    at <unknown> (.next/server/app/pokemon/[name]/page.js:1:716)
Error generating metadata: Error: Failed to fetch Pokemon species data for name: pikachu-libre: 404
    at <unknown> (.next/server/app/pokemon/[name]/page.js:1:716)
Error loading Pokémon data: Error: Failed to fetch Pokemon species data for name: pikachu-pop-star: 404
    at <unknown> (.next/server/app/pokemon/[name]/page.js:1:716)
Error generating metadata: Error: Failed to fetch Pokemon species data for name: pikachu-pop-star: 404
    at <unknown> (.next/server/app/pokemon/[name]/page.js:1:716)
Error loading Pokémon data: Error: Failed to fetch Pokemon species data for name: pikachu-phd: 404
    at <unknown> (.next/server/app/pokemon/[name]/page.js:1:716)
Error generating metadata: Error: Failed to fetch Pokemon species data for name: pikachu-phd: 404
    at <unknown> (.next/server/app/pokemon/[name]/page.js:1:716)
Error loading Pokémon data: Error: Failed to fetch Pokemon species data for name: pikachu-original-cap: 404
    at <unknown> (.next/server/app/pokemon/[name]/page.js:1:716)
Error generating metadata: Error: Failed to fetch Pokemon species data for name: pikachu-original-cap: 404
    at <unknown> (.next/server/app/pokemon/[name]/page.js:1:716)
Error loading Pokémon data: Error: Failed to fetch Pokemon species data for name: pikachu-sinnoh-cap: 404
    at <unknown> (.next/server/app/pokemon/[name]/page.js:1:716)
Error generating metadata: Error: Failed to fetch Pokemon species data for name: pikachu-sinnoh-cap: 404
    at <unknown> (.next/server/app/pokemon/[name]/page.js:1:716)
Error loading Pokémon data: Error: Failed to fetch Pokemon species data for name: pikachu-cosplay: 404
    at <unknown> (.next/server/app/pokemon/[name]/page.js:1:716)
Error generating metadata: Error: Failed to fetch Pokemon species data for name: pikachu-cosplay: 404
    at <unknown> (.next/server/app/pokemon/[name]/page.js:1:716)
Error loading Pokémon data: Error: Failed to fetch Pokemon species data for name: pikachu-unova-cap: 404
    at <unknown> (.next/server/app/pokemon/[name]/page.js:1:716)
Error generating metadata: Error: Failed to fetch Pokemon species data for name: pikachu-unova-cap: 404
    at <unknown> (.next/server/app/pokemon/[name]/page.js:1:716)
Error loading Pokémon data: Error: Failed to fetch Pokemon species data for name: pikachu-partner-cap: 404
    at <unknown> (.next/server/app/pokemon/[name]/page.js:1:716)
Error generating metadata: Error: Failed to fetch Pokemon species data for name: pikachu-partner-cap: 404
    at <unknown> (.next/server/app/pokemon/[name]/page.js:1:716)
Error loading Pokémon data: Error: Failed to fetch Pokemon species data for name: pikachu-alola-cap: 404
    at <unknown> (.next/server/app/pokemon/[name]/page.js:1:716)
Error generating metadata: Error: Failed to fetch Pokemon species data for name: pikachu-alola-cap: 404
    at <unknown> (.next/server/app/pokemon/[name]/page.js:1:716)
Error loading Pokémon data: Error: Failed to fetch Pokemon species data for name: pikachu-starter: 404
    at <unknown> (.next/server/app/pokemon/[name]/page.js:1:716)
Error generating metadata: Error: Failed to fetch Pokemon species data for name: pikachu-starter: 404
    at <unknown> (.next/server/app/pokemon/[name]/page.js:1:716)
Error loading Pokémon data: Error: Failed to fetch Pokemon species data for name: pikachu-world-cap: 404
    at <unknown> (.next/server/app/pokemon/[name]/page.js:1:716)
Error generating metadata: Error: Failed to fetch Pokemon species data for name: pikachu-world-cap: 404
    at <unknown> (.next/server/app/pokemon/[name]/page.js:1:716)
Error loading Pokémon data: Error: Failed to fetch Pokemon species data for name: urshifu-rapid-strike: 404
    at <unknown> (.next/server/app/pokemon/[name]/[game]/[dex]/page.js:2:7688)
Error generating metadata: Error: Failed to fetch Pokemon species data for name: urshifu-rapid-strike: 404
    at <unknown> (.next/server/app/pokemon/[name]/[game]/[dex]/page.js:2:7688)
Error loading Pokémon data: Error: Failed to fetch Pokemon species data for name: urshifu-single-strike: 404
    at <unknown> (.next/server/app/pokemon/[name]/[game]/[dex]/page.js:2:7688)
Error generating metadata: Error: Failed to fetch Pokemon species data for name: urshifu-single-strike: 404
    at <unknown> (.next/server/app/pokemon/[name]/[game]/[dex]/page.js:2:7688)
Error loading Pokémon data: Error: Failed to fetch Pokemon species data for name: urshifu-rapid-strike: 404
    at <unknown> (.next/server/app/pokemon/[name]/[game]/[dex]/page.js:2:7688)
Error generating metadata: Error: Failed to fetch Pokemon species data for name: urshifu-rapid-strike: 404
    at <unknown> (.next/server/app/pokemon/[name]/[game]/[dex]/page.js:2:7688)
Error loading Pokémon data: Error: Failed to fetch Pokemon species data for name: zarude-dada: 404
    at <unknown> (.next/server/app/pokemon/[name]/[game]/[dex]/page.js:2:7688)
Error generating metadata: Error: Failed to fetch Pokemon species data for name: zarude-dada: 404
    at <unknown> (.next/server/app/pokemon/[name]/[game]/[dex]/page.js:2:7688)
Error loading Pokémon data: Error: Failed to fetch Pokemon species data for name: basculin-white-striped: 404
    at <unknown> (.next/server/app/pokemon/[name]/[game]/[dex]/page.js:2:7688)
Error generating metadata: Error: Failed to fetch Pokemon species data for name: basculin-white-striped: 404
    at <unknown> (.next/server/app/pokemon/[name]/[game]/[dex]/page.js:2:7688)
Error loading Pokémon data: Error: Failed to fetch Pokemon species data for name: basculin-blue-striped: 404
    at <unknown> (.next/server/app/pokemon/[name]/[game]/[dex]/page.js:2:7688)
Error generating metadata: Error: Failed to fetch Pokemon species data for name: basculin-blue-striped: 404
    at <unknown> (.next/server/app/pokemon/[name]/[game]/[dex]/page.js:2:7688)
Error loading Pokémon data: Error: Failed to fetch Pokemon species data for name: tornadus-therian: 404
    at <unknown> (.next/server/app/pokemon/[name]/[game]/[dex]/page.js:2:7688)
Error generating metadata: Error: Failed to fetch Pokemon species data for name: tornadus-therian: 404
    at <unknown> (.next/server/app/pokemon/[name]/[game]/[dex]/page.js:2:7688)
Error loading Pokémon data: Error: Failed to fetch Pokemon species data for name: thundurus-therian: 404
    at <unknown> (.next/server/app/pokemon/[name]/[game]/[dex]/page.js:2:7688)
Error generating metadata: Error: Failed to fetch Pokemon species data for name: thundurus-therian: 404
    at <unknown> (.next/server/app/pokemon/[name]/[game]/[dex]/page.js:2:7688)
Error loading Pokémon data: Error: Failed to fetch Pokemon species data for name: landorus-therian: 404
    at <unknown> (.next/server/app/pokemon/[name]/[game]/[dex]/page.js:2:7688)
Error generating metadata: Error: Failed to fetch Pokemon species data for name: landorus-therian: 404
    at <unknown> (.next/server/app/pokemon/[name]/[game]/[dex]/page.js:2:7688)
Error loading Pokémon data: Error: Failed to fetch Pokemon species data for name: eevee-starter: 404
    at <unknown> (.next/server/app/pokemon/[name]/[game]/[dex]/page.js:2:7688)
Error generating metadata: Error: Failed to fetch Pokemon species data for name: eevee-starter: 404
    at <unknown> (.next/server/app/pokemon/[name]/[game]/[dex]/page.js:2:7688)
Error loading Pokémon data: Error: Failed to fetch Pokemon species data for name: pumpkaboo-small: 404
    at <unknown> (.next/server/app/pokemon/[name]/[game]/[dex]/page.js:2:7688)
Error generating metadata: Error: Failed to fetch Pokemon species data for name: pumpkaboo-small: 404
    at <unknown> (.next/server/app/pokemon/[name]/[game]/[dex]/page.js:2:7688)
Error loading Pokémon data: Error: Failed to fetch Pokemon species data for name: pumpkaboo-large: 404
    at <unknown> (.next/server/app/pokemon/[name]/[game]/[dex]/page.js:2:7688)
Error generating metadata: Error: Failed to fetch Pokemon species data for name: pumpkaboo-large: 404
    at <unknown> (.next/server/app/pokemon/[name]/[game]/[dex]/page.js:2:7688)
Error loading Pokémon data: Error: Failed to fetch Pokemon species data for name: pumpkaboo-super: 404
    at <unknown> (.next/server/app/pokemon/[name]/[game]/[dex]/page.js:2:7688)
Error generating metadata: Error: Failed to fetch Pokemon species data for name: pumpkaboo-super: 404
    at <unknown> (.next/server/app/pokemon/[name]/[game]/[dex]/page.js:2:7688)
Error loading Pokémon data: Error: Failed to fetch Pokemon species data for name: gourgeist-large: 404
    at <unknown> (.next/server/app/pokemon/[name]/[game]/[dex]/page.js:2:7688)
Error generating metadata: Error: Failed to fetch Pokemon species data for name: gourgeist-large: 404
    at <unknown> (.next/server/app/pokemon/[name]/[game]/[dex]/page.js:2:7688)
Error loading Pokémon data: Error: Failed to fetch Pokemon species data for name: gourgeist-small: 404
    at <unknown> (.next/server/app/pokemon/[name]/[game]/[dex]/page.js:2:7688)
Error generating metadata: Error: Failed to fetch Pokemon species data for name: gourgeist-small: 404
    at <unknown> (.next/server/app/pokemon/[name]/[game]/[dex]/page.js:2:7688)
Error loading Pokémon data: Error: Failed to fetch Pokemon species data for name: gourgeist-super: 404
    at <unknown> (.next/server/app/pokemon/[name]/[game]/[dex]/page.js:2:7688)
Error generating metadata: Error: Failed to fetch Pokemon species data for name: gourgeist-super: 404
    at <unknown> (.next/server/app/pokemon/[name]/[game]/[dex]/page.js:2:7688)
Error loading Pokémon data: Error: Failed to fetch Pokemon species data for name: ursaluna-bloodmoon: 404
    at <unknown> (.next/server/app/pokemon/[name]/[game]/[dex]/page.js:2:7688)
Error generating metadata: Error: Failed to fetch Pokemon species data for name: ursaluna-bloodmoon: 404
    at <unknown> (.next/server/app/pokemon/[name]/[game]/[dex]/page.js:2:7688)
Error loading Pokémon data: Error: Failed to fetch Pokemon species data for name: zygarde-complete: 404
    at <unknown> (.next/server/app/pokemon/[name]/[game]/[dex]/page.js:2:7688)
Error generating metadata: Error: Failed to fetch Pokemon species data for name: zygarde-complete: 404
    at <unknown> (.next/server/app/pokemon/[name]/[game]/[dex]/page.js:2:7688)
Error loading Pokémon data: Error: Failed to fetch Pokemon species data for name: zygarde-50-power-construct: 404
    at <unknown> (.next/server/app/pokemon/[name]/[game]/[dex]/page.js:2:7688)
Error generating metadata: Error: Failed to fetch Pokemon species data for name: zygarde-50-power-construct: 404
    at <unknown> (.next/server/app/pokemon/[name]/[game]/[dex]/page.js:2:7688)
Error loading Pokémon data: Error: Failed to fetch Pokemon species data for name: zygarde-10-power-construct: 404
    at <unknown> (.next/server/app/pokemon/[name]/[game]/[dex]/page.js:2:7688)
Error generating metadata: Error: Failed to fetch Pokemon species data for name: zygarde-10-power-construct: 404
    at <unknown> (.next/server/app/pokemon/[name]/[game]/[dex]/page.js:2:7688)
Error loading Pokémon data: Error: Failed to fetch Pokemon species data for name: eevee-starter: 404
    at <unknown> (.next/server/app/pokemon/[name]/page.js:1:716)
Error generating metadata: Error: Failed to fetch Pokemon species data for name: eevee-starter: 404
    at <unknown> (.next/server/app/pokemon/[name]/page.js:1:716)
Error loading Pokemon: Error: Failed to fetch Pokemon species data for name: eevee-starter: 404
    at <unknown> (.next/server/app/pokemon/[name]/page.js:1:716)
Error loading Pokémon data: Error: Failed to fetch Pokemon species data for name: eevee-starter: 404
    at <unknown> (.next/server/app/pokemon/[name]/[game]/[dex]/page.js:2:7688)
Error generating metadata: Error: Failed to fetch Pokemon species data for name: eevee-starter: 404
    at <unknown> (.next/server/app/pokemon/[name]/[game]/[dex]/page.js:2:7688)
Error loading Pokémon data: Error: Failed to fetch Pokemon species data for name: pikachu-rock-star: 404
    at <unknown> (.next/server/app/pokemon/[name]/[game]/[dex]/page.js:2:7688)
Error generating metadata: Error: Failed to fetch Pokemon species data for name: pikachu-rock-star: 404
    at <unknown> (.next/server/app/pokemon/[name]/[game]/[dex]/page.js:2:7688)
Error loading Pokémon data: Error: Failed to fetch Pokemon species data for name: pikachu-belle: 404
    at <unknown> (.next/server/app/pokemon/[name]/[game]/[dex]/page.js:2:7688)
Error generating metadata: Error: Failed to fetch Pokemon species data for name: pikachu-belle: 404
    at <unknown> (.next/server/app/pokemon/[name]/[game]/[dex]/page.js:2:7688)
Error loading Pokémon data: Error: Failed to fetch Pokemon species data for name: zygarde-10: 404
    at <unknown> (.next/server/app/pokemon/[name]/[game]/[dex]/page.js:2:7688)
Error generating metadata: Error: Failed to fetch Pokemon species data for name: zygarde-10: 404
    at <unknown> (.next/server/app/pokemon/[name]/[game]/[dex]/page.js:2:7688)
Error loading Pokémon data: Error: Failed to fetch Pokemon species data for name: pikachu-rock-star: 404
    at <unknown> (.next/server/app/pokemon/[name]/[game]/[dex]/page.js:2:7688)
Error generating metadata: Error: Failed to fetch Pokemon species data for name: pikachu-rock-star: 404
    at <unknown> (.next/server/app/pokemon/[name]/[game]/[dex]/page.js:2:7688)
Error loading Pokémon data: Error: Failed to fetch Pokemon species data for name: enamorus-therian: 404
    at <unknown> (.next/server/app/pokemon/[name]/[game]/[dex]/page.js:2:7688)
Error generating metadata: Error: Failed to fetch Pokemon species data for name: enamorus-therian: 404
    at <unknown> (.next/server/app/pokemon/[name]/[game]/[dex]/page.js:2:7688)
Error loading Pokémon data: Error: Failed to fetch Pokemon species data for name: pikachu-libre: 404
    at <unknown> (.next/server/app/pokemon/[name]/[game]/[dex]/page.js:2:7688)
Error generating metadata: Error: Failed to fetch Pokemon species data for name: pikachu-libre: 404
    at <unknown> (.next/server/app/pokemon/[name]/[game]/[dex]/page.js:2:7688)
Error loading Pokémon data: Error: Failed to fetch Pokemon species data for name: pikachu-phd: 404
    at <unknown> (.next/server/app/pokemon/[name]/[game]/[dex]/page.js:2:7688)
Error generating metadata: Error: Failed to fetch Pokemon species data for name: pikachu-phd: 404
    at <unknown> (.next/server/app/pokemon/[name]/[game]/[dex]/page.js:2:7688)
Error loading Pokémon data: Error: Failed to fetch Pokemon species data for name: pikachu-cosplay: 404
    at <unknown> (.next/server/app/pokemon/[name]/[game]/[dex]/page.js:2:7688)
Error generating metadata: Error: Failed to fetch Pokemon species data for name: pikachu-cosplay: 404
    at <unknown> (.next/server/app/pokemon/[name]/[game]/[dex]/page.js:2:7688)
Error loading Pokémon data: Error: Failed to fetch Pokemon species data for name: pikachu-pop-star: 404
    at <unknown> (.next/server/app/pokemon/[name]/[game]/[dex]/page.js:2:7688)
Error generating metadata: Error: Failed to fetch Pokemon species data for name: pikachu-pop-star: 404
    at <unknown> (.next/server/app/pokemon/[name]/[game]/[dex]/page.js:2:7688)
Error loading Pokémon data: Error: Failed to fetch Pokemon species data for name: pikachu-unova-cap: 404
    at <unknown> (.next/server/app/pokemon/[name]/[game]/[dex]/page.js:2:7688)
Error generating metadata: Error: Failed to fetch Pokemon species data for name: pikachu-unova-cap: 404
    at <unknown> (.next/server/app/pokemon/[name]/[game]/[dex]/page.js:2:7688)
Error loading Pokémon data: Error: Failed to fetch Pokemon species data for name: pikachu-original-cap: 404
    at <unknown> (.next/server/app/pokemon/[name]/[game]/[dex]/page.js:2:7688)
Error generating metadata: Error: Failed to fetch Pokemon species data for name: pikachu-original-cap: 404
    at <unknown> (.next/server/app/pokemon/[name]/[game]/[dex]/page.js:2:7688)
Error loading Pokémon data: Error: Failed to fetch Pokemon species data for name: pikachu-sinnoh-cap: 404
    at <unknown> (.next/server/app/pokemon/[name]/[game]/[dex]/page.js:2:7688)
Error generating metadata: Error: Failed to fetch Pokemon species data for name: pikachu-sinnoh-cap: 404
    at <unknown> (.next/server/app/pokemon/[name]/[game]/[dex]/page.js:2:7688)
Error loading Pokémon data: Error: Failed to fetch Pokemon species data for name: pikachu-partner-cap: 404
    at <unknown> (.next/server/app/pokemon/[name]/[game]/[dex]/page.js:2:7688)
Error generating metadata: Error: Failed to fetch Pokemon species data for name: pikachu-partner-cap: 404
    at <unknown> (.next/server/app/pokemon/[name]/[game]/[dex]/page.js:2:7688)
Error loading Pokémon data: Error: Failed to fetch Pokemon species data for name: pikachu-starter: 404
    at <unknown> (.next/server/app/pokemon/[name]/[game]/[dex]/page.js:2:7688)
Error generating metadata: Error: Failed to fetch Pokemon species data for name: pikachu-starter: 404
    at <unknown> (.next/server/app/pokemon/[name]/[game]/[dex]/page.js:2:7688)
Error loading Pokémon data: Error: Failed to fetch Pokemon species data for name: pikachu-alola-cap: 404
    at <unknown> (.next/server/app/pokemon/[name]/[game]/[dex]/page.js:2:7688)
Error generating metadata: Error: Failed to fetch Pokemon species data for name: pikachu-alola-cap: 404
    at <unknown> (.next/server/app/pokemon/[name]/[game]/[dex]/page.js:2:7688)
Error loading Pokémon data: Error: Failed to fetch Pokemon species data for name: pikachu-world-cap: 404
    at <unknown> (.next/server/app/pokemon/[name]/[game]/[dex]/page.js:2:7688)
Error generating metadata: Error: Failed to fetch Pokemon species data for name: pikachu-world-cap: 404
    at <unknown> (.next/server/app/pokemon/[name]/[game]/[dex]/page.js:2:7688)
Error loading Pokémon data: Error: Failed to fetch Pokemon species data for name: pikachu-libre: 404
    at <unknown> (.next/server/app/pokemon/[name]/[game]/[dex]/page.js:2:7688)
Error generating metadata: Error: Failed to fetch Pokemon species data for name: pikachu-libre: 404
    at <unknown> (.next/server/app/pokemon/[name]/[game]/[dex]/page.js:2:7688)
Error loading Pokémon data: Error: Failed to fetch Pokemon species data for name: pikachu-pop-star: 404
    at <unknown> (.next/server/app/pokemon/[name]/[game]/[dex]/page.js:2:7688)
Error generating metadata: Error: Failed to fetch Pokemon species data for name: pikachu-pop-star: 404
    at <unknown> (.next/server/app/pokemon/[name]/[game]/[dex]/page.js:2:7688)
Error loading Pokémon data: Error: Failed to fetch Pokemon species data for name: pikachu-belle: 404
    at <unknown> (.next/server/app/pokemon/[name]/[game]/[dex]/page.js:2:7688)
Error generating metadata: Error: Failed to fetch Pokemon species data for name: pikachu-belle: 404
    at <unknown> (.next/server/app/pokemon/[name]/[game]/[dex]/page.js:2:7688)
Error loading Pokémon data: Error: Failed to fetch Pokemon species data for name: pikachu-phd: 404
    at <unknown> (.next/server/app/pokemon/[name]/[game]/[dex]/page.js:2:7688)
Error generating metadata: Error: Failed to fetch Pokemon species data for name: pikachu-phd: 404
    at <unknown> (.next/server/app/pokemon/[name]/[game]/[dex]/page.js:2:7688)
Error loading Pokémon data: Error: Failed to fetch Pokemon species data for name: pikachu-cosplay: 404
    at <unknown> (.next/server/app/pokemon/[name]/[game]/[dex]/page.js:2:7688)
Error generating metadata: Error: Failed to fetch Pokemon species data for name: pikachu-cosplay: 404
    at <unknown> (.next/server/app/pokemon/[name]/[game]/[dex]/page.js:2:7688)
Error loading Pokémon data: Error: Failed to fetch Pokemon species data for name: pikachu-sinnoh-cap: 404
    at <unknown> (.next/server/app/pokemon/[name]/[game]/[dex]/page.js:2:7688)
Error generating metadata: Error: Failed to fetch Pokemon species data for name: pikachu-sinnoh-cap: 404
    at <unknown> (.next/server/app/pokemon/[name]/[game]/[dex]/page.js:2:7688)
Error loading Pokémon data: Error: Failed to fetch Pokemon species data for name: pikachu-original-cap: 404
    at <unknown> (.next/server/app/pokemon/[name]/[game]/[dex]/page.js:2:7688)
Error generating metadata: Error: Failed to fetch Pokemon species data for name: pikachu-original-cap: 404
    at <unknown> (.next/server/app/pokemon/[name]/[game]/[dex]/page.js:2:7688)
Error loading Pokémon data: Error: Failed to fetch Pokemon species data for name: pikachu-unova-cap: 404
    at <unknown> (.next/server/app/pokemon/[name]/[game]/[dex]/page.js:2:7688)
Error generating metadata: Error: Failed to fetch Pokemon species data for name: pikachu-unova-cap: 404
    at <unknown> (.next/server/app/pokemon/[name]/[game]/[dex]/page.js:2:7688)
Error loading Pokémon data: Error: Failed to fetch Pokemon species data for name: pikachu-alola-cap: 404
    at <unknown> (.next/server/app/pokemon/[name]/[game]/[dex]/page.js:2:7688)
Error generating metadata: Error: Failed to fetch Pokemon species data for name: pikachu-alola-cap: 404
    at <unknown> (.next/server/app/pokemon/[name]/[game]/[dex]/page.js:2:7688)
Error loading Pokémon data: Error: Failed to fetch Pokemon species data for name: pikachu-partner-cap: 404
    at <unknown> (.next/server/app/pokemon/[name]/[game]/[dex]/page.js:2:7688)
Error generating metadata: Error: Failed to fetch Pokemon species data for name: pikachu-partner-cap: 404
    at <unknown> (.next/server/app/pokemon/[name]/[game]/[dex]/page.js:2:7688)
Error loading Pokémon data: Error: Failed to fetch Pokemon species data for name: pikachu-world-cap: 404
    at <unknown> (.next/server/app/pokemon/[name]/[game]/[dex]/page.js:2:7688)
Error generating metadata: Error: Failed to fetch Pokemon species data for name: pikachu-world-cap: 404
    at <unknown> (.next/server/app/pokemon/[name]/[game]/[dex]/page.js:2:7688)
Error loading Pokémon data: Error: Failed to fetch Pokemon species data for name: pikachu-starter: 404
    at <unknown> (.next/server/app/pokemon/[name]/[game]/[dex]/page.js:2:7688)
Error generating metadata: Error: Failed to fetch Pokemon species data for name: pikachu-starter: 404
    at <unknown> (.next/server/app/pokemon/[name]/[game]/[dex]/page.js:2:7688)
Error loading Pokémon data: Error: Failed to fetch Pokemon species data for name: eevee-starter: 404
    at <unknown> (.next/server/app/pokemon/[name]/[game]/[dex]/page.js:2:7688)
Error generating metadata: Error: Failed to fetch Pokemon species data for name: eevee-starter: 404
    at <unknown> (.next/server/app/pokemon/[name]/[game]/[dex]/page.js:2:7688)
Error loading Pokémon data: Error: Failed to fetch Pokemon species data for name: castform-sunny: 404
    at <unknown> (.next/server/app/pokemon/[name]/[game]/[dex]/page.js:2:7688)
Error generating metadata: Error: Failed to fetch Pokemon species data for name: castform-sunny: 404
    at <unknown> (.next/server/app/pokemon/[name]/[game]/[dex]/page.js:2:7688)
Error loading Pokémon data: Error: Failed to fetch Pokemon species data for name: raticate-totem: 404
    at <unknown> (.next/server/app/pokemon/[name]/page.js:1:716)
Error generating metadata: Error: Failed to fetch Pokemon species data for name: raticate-totem: 404
    at <unknown> (.next/server/app/pokemon/[name]/page.js:1:716)
Error loading Pokémon data: Error: Failed to fetch Pokemon species data for name: pikachu-rock-star: 404
    at <unknown> (.next/server/app/pokemon/[name]/page.js:1:716)
Error generating metadata: Error: Failed to fetch Pokemon species data for name: pikachu-rock-star: 404
    at <unknown> (.next/server/app/pokemon/[name]/page.js:1:716)
Error loading Pokémon data: Error: Failed to fetch Pokemon species data for name: pikachu-libre: 404
    at <unknown> (.next/server/app/pokemon/[name]/page.js:1:716)
Error generating metadata: Error: Failed to fetch Pokemon species data for name: pikachu-libre: 404
    at <unknown> (.next/server/app/pokemon/[name]/page.js:1:716)
Error loading Pokémon data: Error: Failed to fetch Pokemon species data for name: pikachu-pop-star: 404
    at <unknown> (.next/server/app/pokemon/[name]/page.js:1:716)
Error generating metadata: Error: Failed to fetch Pokemon species data for name: pikachu-pop-star: 404
    at <unknown> (.next/server/app/pokemon/[name]/page.js:1:716)
Error loading Pokémon data: Error: Failed to fetch Pokemon species data for name: pikachu-phd: 404
    at <unknown> (.next/server/app/pokemon/[name]/page.js:1:716)
Error generating metadata: Error: Failed to fetch Pokemon species data for name: pikachu-phd: 404
    at <unknown> (.next/server/app/pokemon/[name]/page.js:1:716)
Error loading Pokémon data: Error: Failed to fetch Pokemon species data for name: pikachu-belle: 404
    at <unknown> (.next/server/app/pokemon/[name]/page.js:1:716)
Error generating metadata: Error: Failed to fetch Pokemon species data for name: pikachu-belle: 404
    at <unknown> (.next/server/app/pokemon/[name]/page.js:1:716)
Error loading Pokémon data: Error: Failed to fetch Pokemon species data for name: pikachu-sinnoh-cap: 404
    at <unknown> (.next/server/app/pokemon/[name]/page.js:1:716)
Error generating metadata: Error: Failed to fetch Pokemon species data for name: pikachu-sinnoh-cap: 404
    at <unknown> (.next/server/app/pokemon/[name]/page.js:1:716)
Error loading Pokémon data: Error: Failed to fetch Pokemon species data for name: pikachu-cosplay: 404
    at <unknown> (.next/server/app/pokemon/[name]/page.js:1:716)
Error generating metadata: Error: Failed to fetch Pokemon species data for name: pikachu-cosplay: 404
    at <unknown> (.next/server/app/pokemon/[name]/page.js:1:716)
Error loading Pokémon data: Error: Failed to fetch Pokemon species data for name: pikachu-original-cap: 404
    at <unknown> (.next/server/app/pokemon/[name]/page.js:1:716)
Error generating metadata: Error: Failed to fetch Pokemon species data for name: pikachu-original-cap: 404
    at <unknown> (.next/server/app/pokemon/[name]/page.js:1:716)
Error loading Pokémon data: Error: Failed to fetch Pokemon species data for name: pikachu-alola-cap: 404
    at <unknown> (.next/server/app/pokemon/[name]/page.js:1:716)
Error generating metadata: Error: Failed to fetch Pokemon species data for name: pikachu-alola-cap: 404
    at <unknown> (.next/server/app/pokemon/[name]/page.js:1:716)
Error loading Pokémon data: Error: Failed to fetch Pokemon species data for name: pikachu-unova-cap: 404
    at <unknown> (.next/server/app/pokemon/[name]/page.js:1:716)
Error generating metadata: Error: Failed to fetch Pokemon species data for name: pikachu-unova-cap: 404
    at <unknown> (.next/server/app/pokemon/[name]/page.js:1:716)
Error loading Pokémon data: Error: Failed to fetch Pokemon species data for name: pikachu-partner-cap: 404
    at <unknown> (.next/server/app/pokemon/[name]/page.js:1:716)
Error generating metadata: Error: Failed to fetch Pokemon species data for name: pikachu-partner-cap: 404
    at <unknown> (.next/server/app/pokemon/[name]/page.js:1:716)
Error loading Pokémon data: Error: Failed to fetch Pokemon species data for name: pikachu-world-cap: 404
    at <unknown> (.next/server/app/pokemon/[name]/page.js:1:716)
Error generating metadata: Error: Failed to fetch Pokemon species data for name: pikachu-world-cap: 404
    at <unknown> (.next/server/app/pokemon/[name]/page.js:1:716)
Error loading Pokémon data: Error: Failed to fetch Pokemon species data for name: pikachu-starter: 404
    at <unknown> (.next/server/app/pokemon/[name]/page.js:1:716)
Error generating metadata: Error: Failed to fetch Pokemon species data for name: pikachu-starter: 404
    at <unknown> (.next/server/app/pokemon/[name]/page.js:1:716)
Error loading Pokémon data: Error: Failed to fetch Pokemon species data for name: castform-rainy: 404
    at <unknown> (.next/server/app/pokemon/[name]/[game]/[dex]/page.js:2:7688)
Error generating metadata: Error: Failed to fetch Pokemon species data for name: castform-rainy: 404
    at <unknown> (.next/server/app/pokemon/[name]/[game]/[dex]/page.js:2:7688)
Error loading Pokémon data: Error: Failed to fetch Pokemon species data for name: castform-snowy: 404
    at <unknown> (.next/server/app/pokemon/[name]/[game]/[dex]/page.js:2:7688)
Error generating metadata: Error: Failed to fetch Pokemon species data for name: castform-snowy: 404
    at <unknown> (.next/server/app/pokemon/[name]/[game]/[dex]/page.js:2:7688)
Error loading Pokémon data: Error: Failed to fetch Pokemon species data for name: castform-sunny: 404
    at <unknown> (.next/server/app/pokemon/[name]/[game]/[dex]/page.js:2:7688)
Error generating metadata: Error: Failed to fetch Pokemon species data for name: castform-sunny: 404
    at <unknown> (.next/server/app/pokemon/[name]/[game]/[dex]/page.js:2:7688)
Error loading Pokémon data: Error: Failed to fetch Pokemon species data for name: castform-rainy: 404
    at <unknown> (.next/server/app/pokemon/[name]/[game]/[dex]/page.js:2:7688)
Error generating metadata: Error: Failed to fetch Pokemon species data for name: castform-rainy: 404
    at <unknown> (.next/server/app/pokemon/[name]/[game]/[dex]/page.js:2:7688)
Error loading Pokémon data: Error: Failed to fetch Pokemon species data for name: castform-snowy: 404
    at <unknown> (.next/server/app/pokemon/[name]/[game]/[dex]/page.js:2:7688)
Error generating metadata: Error: Failed to fetch Pokemon species data for name: castform-snowy: 404
    at <unknown> (.next/server/app/pokemon/[name]/[game]/[dex]/page.js:2:7688)
Error loading Pokémon data: Error: Failed to fetch Pokemon species data for name: eevee-starter: 404
    at <unknown> (.next/server/app/pokemon/[name]/page.js:1:716)
Error generating metadata: Error: Failed to fetch Pokemon species data for name: eevee-starter: 404
    at <unknown> (.next/server/app/pokemon/[name]/page.js:1:716)
Error loading Pokémon data: Error: Failed to fetch Pokemon species data for name: raticate-totem: 404
    at <unknown> (.next/server/app/pokemon/[name]/page.js:1:716)
Error generating metadata: Error: Failed to fetch Pokemon species data for name: raticate-totem: 404
    at <unknown> (.next/server/app/pokemon/[name]/page.js:1:716)
Error loading Pokémon data: Error: Failed to fetch Pokemon species data for name: pikachu-rock-star: 404
    at <unknown> (.next/server/app/pokemon/[name]/page.js:1:716)
Error generating metadata: Error: Failed to fetch Pokemon species data for name: pikachu-rock-star: 404
    at <unknown> (.next/server/app/pokemon/[name]/page.js:1:716)
Error loading Pokémon data: Error: Failed to fetch Pokemon species data for name: pikachu-pop-star: 404
    at <unknown> (.next/server/app/pokemon/[name]/page.js:1:716)
Error generating metadata: Error: Failed to fetch Pokemon species data for name: pikachu-pop-star: 404
    at <unknown> (.next/server/app/pokemon/[name]/page.js:1:716)
Error loading Pokémon data: Error: Failed to fetch Pokemon species data for name: pikachu-libre: 404
    at <unknown> (.next/server/app/pokemon/[name]/page.js:1:716)
Error generating metadata: Error: Failed to fetch Pokemon species data for name: pikachu-libre: 404
    at <unknown> (.next/server/app/pokemon/[name]/page.js:1:716)
Error loading Pokémon data: Error: Failed to fetch Pokemon species data for name: pikachu-phd: 404
    at <unknown> (.next/server/app/pokemon/[name]/page.js:1:716)
Error generating metadata: Error: Failed to fetch Pokemon species data for name: pikachu-phd: 404
    at <unknown> (.next/server/app/pokemon/[name]/page.js:1:716)
Error loading Pokémon data: Error: Failed to fetch Pokemon species data for name: pikachu-belle: 404
    at <unknown> (.next/server/app/pokemon/[name]/page.js:1:716)
Error generating metadata: Error: Failed to fetch Pokemon species data for name: pikachu-belle: 404
    at <unknown> (.next/server/app/pokemon/[name]/page.js:1:716)
Error loading Pokémon data: Error: Failed to fetch Pokemon species data for name: pikachu-original-cap: 404
    at <unknown> (.next/server/app/pokemon/[name]/page.js:1:716)
Error generating metadata: Error: Failed to fetch Pokemon species data for name: pikachu-original-cap: 404
    at <unknown> (.next/server/app/pokemon/[name]/page.js:1:716)
Error loading Pokémon data: Error: Failed to fetch Pokemon species data for name: pikachu-sinnoh-cap: 404
    at <unknown> (.next/server/app/pokemon/[name]/page.js:1:716)
Error generating metadata: Error: Failed to fetch Pokemon species data for name: pikachu-sinnoh-cap: 404
    at <unknown> (.next/server/app/pokemon/[name]/page.js:1:716)
Error loading Pokémon data: Error: Failed to fetch Pokemon species data for name: pikachu-cosplay: 404
    at <unknown> (.next/server/app/pokemon/[name]/page.js:1:716)
Error generating metadata: Error: Failed to fetch Pokemon species data for name: pikachu-cosplay: 404
    at <unknown> (.next/server/app/pokemon/[name]/page.js:1:716)
Error loading Pokémon data: Error: Failed to fetch Pokemon species data for name: pikachu-unova-cap: 404
    at <unknown> (.next/server/app/pokemon/[name]/page.js:1:716)
Error generating metadata: Error: Failed to fetch Pokemon species data for name: pikachu-unova-cap: 404
    at <unknown> (.next/server/app/pokemon/[name]/page.js:1:716)
Error loading Pokémon data: Error: Failed to fetch Pokemon species data for name: pikachu-partner-cap: 404
    at <unknown> (.next/server/app/pokemon/[name]/page.js:1:716)
Error generating metadata: Error: Failed to fetch Pokemon species data for name: pikachu-partner-cap: 404
    at <unknown> (.next/server/app/pokemon/[name]/page.js:1:716)
Error loading Pokémon data: Error: Failed to fetch Pokemon species data for name: pikachu-alola-cap: 404
    at <unknown> (.next/server/app/pokemon/[name]/page.js:1:716)
Error generating metadata: Error: Failed to fetch Pokemon species data for name: pikachu-alola-cap: 404
    at <unknown> (.next/server/app/pokemon/[name]/page.js:1:716)
Error loading Pokémon data: Error: Failed to fetch Pokemon species data for name: pikachu-world-cap: 404
    at <unknown> (.next/server/app/pokemon/[name]/page.js:1:716)
Error generating metadata: Error: Failed to fetch Pokemon species data for name: pikachu-world-cap: 404
    at <unknown> (.next/server/app/pokemon/[name]/page.js:1:716)
Error loading Pokémon data: Error: Failed to fetch Pokemon species data for name: pikachu-starter: 404
    at <unknown> (.next/server/app/pokemon/[name]/page.js:1:716)
Error generating metadata: Error: Failed to fetch Pokemon species data for name: pikachu-starter: 404
    at <unknown> (.next/server/app/pokemon/[name]/page.js:1:716)
Error loading Pokémon data: Error: Failed to fetch Pokemon species data for name: eevee-starter: 404
    at <unknown> (.next/server/app/pokemon/[name]/page.js:1:716)
Error generating metadata: Error: Failed to fetch Pokemon species data for name: eevee-starter: 404
    at <unknown> (.next/server/app/pokemon/[name]/page.js:1:716)
Error loading Pokémon data: Error: Failed to fetch Pokemon species data for name: basculin-white-striped: 404
    at <unknown> (.next/server/app/pokemon/[name]/[game]/[dex]/page.js:2:7688)
Error generating metadata: Error: Failed to fetch Pokemon species data for name: basculin-white-striped: 404
    at <unknown> (.next/server/app/pokemon/[name]/[game]/[dex]/page.js:2:7688)
Error loading Pokémon data: Error: Failed to fetch Pokemon species data for name: basculin-blue-striped: 404
    at <unknown> (.next/server/app/pokemon/[name]/[game]/[dex]/page.js:2:7688)
Error generating metadata: Error: Failed to fetch Pokemon species data for name: basculin-blue-striped: 404
    at <unknown> (.next/server/app/pokemon/[name]/[game]/[dex]/page.js:2:7688)
Error loading Pokémon data: Error: Failed to fetch Pokemon species data for name: rockruff-own-tempo: 404
    at <unknown> (.next/server/app/pokemon/[name]/[game]/[dex]/page.js:2:7688)
Error generating metadata: Error: Failed to fetch Pokemon species data for name: rockruff-own-tempo: 404
    at <unknown> (.next/server/app/pokemon/[name]/[game]/[dex]/page.js:2:7688)
Error loading Pokémon data: Error: Failed to fetch Pokemon species data for name: floette-yellow: 404
    at <unknown> (.next/server/app/pokemon/[name]/[game]/[dex]/page.js:2:7688)
Error generating metadata: Error: Failed to fetch Pokemon species data for name: floette-yellow: 404
    at <unknown> (.next/server/app/pokemon/[name]/[game]/[dex]/page.js:2:7688)
Error loading Pokémon data: Error: Failed to fetch Pokemon species data for name: floette-red: 404
    at <unknown> (.next/server/app/pokemon/[name]/[game]/[dex]/page.js:2:7688)
Error generating metadata: Error: Failed to fetch Pokemon species data for name: floette-red: 404
    at <unknown> (.next/server/app/pokemon/[name]/[game]/[dex]/page.js:2:7688)
Error loading Pokémon data: Error: Failed to fetch Pokemon species data for name: floette-blue: 404
    at <unknown> (.next/server/app/pokemon/[name]/[game]/[dex]/page.js:2:7688)
Error generating metadata: Error: Failed to fetch Pokemon species data for name: floette-blue: 404
    at <unknown> (.next/server/app/pokemon/[name]/[game]/[dex]/page.js:2:7688)
Error loading Pokémon data: Error: Failed to fetch Pokemon species data for name: floette-eternal: 404
    at <unknown> (.next/server/app/pokemon/[name]/[game]/[dex]/page.js:2:7688)
Error generating metadata: Error: Failed to fetch Pokemon species data for name: floette-eternal: 404
    at <unknown> (.next/server/app/pokemon/[name]/[game]/[dex]/page.js:2:7688)
Error loading Pokémon data: Error: Failed to fetch Pokemon species data for name: floette-white: 404
    at <unknown> (.next/server/app/pokemon/[name]/[game]/[dex]/page.js:2:7688)
Error generating metadata: Error: Failed to fetch Pokemon species data for name: floette-white: 404
    at <unknown> (.next/server/app/pokemon/[name]/[game]/[dex]/page.js:2:7688)
Error loading Pokémon data: Error: Failed to fetch Pokemon species data for name: floette-orange: 404
    at <unknown> (.next/server/app/pokemon/[name]/[game]/[dex]/page.js:2:7688)
Error generating metadata: Error: Failed to fetch Pokemon species data for name: floette-orange: 404
    at <unknown> (.next/server/app/pokemon/[name]/[game]/[dex]/page.js:2:7688)
Error loading Pokémon data: Error: Failed to fetch Pokemon species data for name: rockruff-own-tempo: 404
    at <unknown> (.next/server/app/pokemon/[name]/[game]/[dex]/page.js:2:7688)
Error generating metadata: Error: Failed to fetch Pokemon species data for name: rockruff-own-tempo: 404
    at <unknown> (.next/server/app/pokemon/[name]/[game]/[dex]/page.js:2:7688)
Error loading Pokémon data: Error: Failed to fetch Pokemon species data for name: raticate-totem: 404
    at <unknown> (.next/server/app/pokemon/[name]/[game]/[dex]/page.js:2:7688)
Error generating metadata: Error: Failed to fetch Pokemon species data for name: raticate-totem: 404
    at <unknown> (.next/server/app/pokemon/[name]/[game]/[dex]/page.js:2:7688)
Error loading Pokémon data: Error: Failed to fetch Pokemon species data for name: raticate-totem: 404
    at <unknown> (.next/server/app/pokemon/[name]/[game]/[dex]/page.js:2:7688)
Error generating metadata: Error: Failed to fetch Pokemon species data for name: raticate-totem: 404
    at <unknown> (.next/server/app/pokemon/[name]/[game]/[dex]/page.js:2:7688)
Error loading Pokémon data: Error: Failed to fetch Pokemon species data for name: pikachu-belle: 404
    at <unknown> (.next/server/app/pokemon/[name]/[game]/[dex]/page.js:2:7688)
Error generating metadata: Error: Failed to fetch Pokemon species data for name: pikachu-belle: 404
    at <unknown> (.next/server/app/pokemon/[name]/[game]/[dex]/page.js:2:7688)
Error loading Pokémon data: Error: Failed to fetch Pokemon species data for name: pikachu-rock-star: 404
    at <unknown> (.next/server/app/pokemon/[name]/[game]/[dex]/page.js:2:7688)
Error generating metadata: Error: Failed to fetch Pokemon species data for name: pikachu-rock-star: 404
    at <unknown> (.next/server/app/pokemon/[name]/[game]/[dex]/page.js:2:7688)
Error loading Pokémon data: Error: Failed to fetch Pokemon species data for name: pikachu-phd: 404
    at <unknown> (.next/server/app/pokemon/[name]/[game]/[dex]/page.js:2:7688)
Error generating metadata: Error: Failed to fetch Pokemon species data for name: pikachu-phd: 404
    at <unknown> (.next/server/app/pokemon/[name]/[game]/[dex]/page.js:2:7688)
Error loading Pokémon data: Error: Failed to fetch Pokemon species data for name: pikachu-pop-star: 404
    at <unknown> (.next/server/app/pokemon/[name]/[game]/[dex]/page.js:2:7688)
Error generating metadata: Error: Failed to fetch Pokemon species data for name: pikachu-pop-star: 404
    at <unknown> (.next/server/app/pokemon/[name]/[game]/[dex]/page.js:2:7688)
Error loading Pokémon data: Error: Failed to fetch Pokemon species data for name: pikachu-cosplay: 404
    at <unknown> (.next/server/app/pokemon/[name]/[game]/[dex]/page.js:2:7688)
Error generating metadata: Error: Failed to fetch Pokemon species data for name: pikachu-cosplay: 404
    at <unknown> (.next/server/app/pokemon/[name]/[game]/[dex]/page.js:2:7688)
Error loading Pokémon data: Error: Failed to fetch Pokemon species data for name: pikachu-libre: 404
    at <unknown> (.next/server/app/pokemon/[name]/[game]/[dex]/page.js:2:7688)
Error generating metadata: Error: Failed to fetch Pokemon species data for name: pikachu-libre: 404
    at <unknown> (.next/server/app/pokemon/[name]/[game]/[dex]/page.js:2:7688)
Error loading Pokémon data: Error: Failed to fetch Pokemon species data for name: pikachu-sinnoh-cap: 404
    at <unknown> (.next/server/app/pokemon/[name]/[game]/[dex]/page.js:2:7688)
Error generating metadata: Error: Failed to fetch Pokemon species data for name: pikachu-sinnoh-cap: 404
    at <unknown> (.next/server/app/pokemon/[name]/[game]/[dex]/page.js:2:7688)
Error loading Pokémon data: Error: Failed to fetch Pokemon species data for name: pikachu-unova-cap: 404
    at <unknown> (.next/server/app/pokemon/[name]/[game]/[dex]/page.js:2:7688)
Error generating metadata: Error: Failed to fetch Pokemon species data for name: pikachu-unova-cap: 404
    at <unknown> (.next/server/app/pokemon/[name]/[game]/[dex]/page.js:2:7688)
Error loading Pokémon data: Error: Failed to fetch Pokemon species data for name: pikachu-original-cap: 404
    at <unknown> (.next/server/app/pokemon/[name]/[game]/[dex]/page.js:2:7688)
Error generating metadata: Error: Failed to fetch Pokemon species data for name: pikachu-original-cap: 404
    at <unknown> (.next/server/app/pokemon/[name]/[game]/[dex]/page.js:2:7688)
Error loading Pokémon data: Error: Failed to fetch Pokemon species data for name: pikachu-rock-star: 404
    at <unknown> (.next/server/app/pokemon/[name]/[game]/[dex]/page.js:2:7688)
Error generating metadata: Error: Failed to fetch Pokemon species data for name: pikachu-rock-star: 404
    at <unknown> (.next/server/app/pokemon/[name]/[game]/[dex]/page.js:2:7688)
Error loading Pokémon data: Error: Failed to fetch Pokemon species data for name: pikachu-belle: 404
    at <unknown> (.next/server/app/pokemon/[name]/[game]/[dex]/page.js:2:7688)
Error generating metadata: Error: Failed to fetch Pokemon species data for name: pikachu-belle: 404
    at <unknown> (.next/server/app/pokemon/[name]/[game]/[dex]/page.js:2:7688)
Error loading Pokémon data: Error: Failed to fetch Pokemon species data for name: pikachu-starter: 404
    at <unknown> (.next/server/app/pokemon/[name]/[game]/[dex]/page.js:2:7688)
Error generating metadata: Error: Failed to fetch Pokemon species data for name: pikachu-starter: 404
    at <unknown> (.next/server/app/pokemon/[name]/[game]/[dex]/page.js:2:7688)
Error loading Pokémon data: Error: Failed to fetch Pokemon species data for name: pikachu-alola-cap: 404
    at <unknown> (.next/server/app/pokemon/[name]/[game]/[dex]/page.js:2:7688)
Error generating metadata: Error: Failed to fetch Pokemon species data for name: pikachu-alola-cap: 404
    at <unknown> (.next/server/app/pokemon/[name]/[game]/[dex]/page.js:2:7688)
Error loading Pokémon data: Error: Failed to fetch Pokemon species data for name: pikachu-partner-cap: 404
    at <unknown> (.next/server/app/pokemon/[name]/[game]/[dex]/page.js:2:7688)
Error generating metadata: Error: Failed to fetch Pokemon species data for name: pikachu-partner-cap: 404
    at <unknown> (.next/server/app/pokemon/[name]/[game]/[dex]/page.js:2:7688)
Error loading Pokémon data: Error: Failed to fetch Pokemon species data for name: pikachu-world-cap: 404
    at <unknown> (.next/server/app/pokemon/[name]/[game]/[dex]/page.js:2:7688)
Error generating metadata: Error: Failed to fetch Pokemon species data for name: pikachu-world-cap: 404
    at <unknown> (.next/server/app/pokemon/[name]/[game]/[dex]/page.js:2:7688)
Error loading Pokémon data: Error: Failed to fetch Pokemon species data for name: pikachu-phd: 404
    at <unknown> (.next/server/app/pokemon/[name]/[game]/[dex]/page.js:2:7688)
Error generating metadata: Error: Failed to fetch Pokemon species data for name: pikachu-phd: 404
    at <unknown> (.next/server/app/pokemon/[name]/[game]/[dex]/page.js:2:7688)
Error loading Pokémon data: Error: Failed to fetch Pokemon species data for name: pikachu-cosplay: 404
    at <unknown> (.next/server/app/pokemon/[name]/[game]/[dex]/page.js:2:7688)
Error generating metadata: Error: Failed to fetch Pokemon species data for name: pikachu-cosplay: 404
    at <unknown> (.next/server/app/pokemon/[name]/[game]/[dex]/page.js:2:7688)
Error loading Pokémon data: Error: Failed to fetch Pokemon species data for name: pikachu-pop-star: 404
    at <unknown> (.next/server/app/pokemon/[name]/[game]/[dex]/page.js:2:7688)
Error generating metadata: Error: Failed to fetch Pokemon species data for name: pikachu-pop-star: 404
    at <unknown> (.next/server/app/pokemon/[name]/[game]/[dex]/page.js:2:7688)
Error loading Pokémon data: Error: Failed to fetch Pokemon species data for name: pikachu-libre: 404
    at <unknown> (.next/server/app/pokemon/[name]/[game]/[dex]/page.js:2:7688)
Error generating metadata: Error: Failed to fetch Pokemon species data for name: pikachu-libre: 404
    at <unknown> (.next/server/app/pokemon/[name]/[game]/[dex]/page.js:2:7688)
Error loading Pokémon data: Error: Failed to fetch Pokemon species data for name: pikachu-original-cap: 404
    at <unknown> (.next/server/app/pokemon/[name]/[game]/[dex]/page.js:2:7688)
Error generating metadata: Error: Failed to fetch Pokemon species data for name: pikachu-original-cap: 404
    at <unknown> (.next/server/app/pokemon/[name]/[game]/[dex]/page.js:2:7688)
Error loading Pokémon data: Error: Failed to fetch Pokemon species data for name: pikachu-unova-cap: 404
    at <unknown> (.next/server/app/pokemon/[name]/[game]/[dex]/page.js:2:7688)
Error generating metadata: Error: Failed to fetch Pokemon species data for name: pikachu-unova-cap: 404
    at <unknown> (.next/server/app/pokemon/[name]/[game]/[dex]/page.js:2:7688)
Error loading Pokémon data: Error: Failed to fetch Pokemon species data for name: pikachu-sinnoh-cap: 404
    at <unknown> (.next/server/app/pokemon/[name]/[game]/[dex]/page.js:2:7688)
Error generating metadata: Error: Failed to fetch Pokemon species data for name: pikachu-sinnoh-cap: 404
    at <unknown> (.next/server/app/pokemon/[name]/[game]/[dex]/page.js:2:7688)
Error loading Pokémon data: Error: Failed to fetch Pokemon species data for name: pikachu-alola-cap: 404
    at <unknown> (.next/server/app/pokemon/[name]/[game]/[dex]/page.js:2:7688)
Error generating metadata: Error: Failed to fetch Pokemon species data for name: pikachu-alola-cap: 404
    at <unknown> (.next/server/app/pokemon/[name]/[game]/[dex]/page.js:2:7688)
Error loading Pokémon data: Error: Failed to fetch Pokemon species data for name: pikachu-partner-cap: 404
    at <unknown> (.next/server/app/pokemon/[name]/[game]/[dex]/page.js:2:7688)
Error generating metadata: Error: Failed to fetch Pokemon species data for name: pikachu-partner-cap: 404
    at <unknown> (.next/server/app/pokemon/[name]/[game]/[dex]/page.js:2:7688)
Error loading Pokémon data: Error: Failed to fetch Pokemon species data for name: pikachu-starter: 404
    at <unknown> (.next/server/app/pokemon/[name]/[game]/[dex]/page.js:2:7688)
Error generating metadata: Error: Failed to fetch Pokemon species data for name: pikachu-starter: 404
    at <unknown> (.next/server/app/pokemon/[name]/[game]/[dex]/page.js:2:7688)
Error loading Pokémon data: Error: Failed to fetch Pokemon species data for name: pikachu-world-cap: 404
    at <unknown> (.next/server/app/pokemon/[name]/[game]/[dex]/page.js:2:7688)
Error generating metadata: Error: Failed to fetch Pokemon species data for name: pikachu-world-cap: 404
    at <unknown> (.next/server/app/pokemon/[name]/[game]/[dex]/page.js:2:7688)
Error loading Pokémon data: Error: Failed to fetch Pokemon species data for name: raticate-totem: 404
    at <unknown> (.next/server/app/pokemon/[name]/page.js:1:716)
Error generating metadata: Error: Failed to fetch Pokemon species data for name: raticate-totem: 404
    at <unknown> (.next/server/app/pokemon/[name]/page.js:1:716)
Error loading Pokémon data: Error: Failed to fetch Pokemon species data for name: pikachu-rock-star: 404
    at <unknown> (.next/server/app/pokemon/[name]/page.js:1:716)
Error generating metadata: Error: Failed to fetch Pokemon species data for name: pikachu-rock-star: 404
    at <unknown> (.next/server/app/pokemon/[name]/page.js:1:716)
Error loading Pokémon data: Error: Failed to fetch Pokemon species data for name: pikachu-belle: 404
    at <unknown> (.next/server/app/pokemon/[name]/page.js:1:716)
Error generating metadata: Error: Failed to fetch Pokemon species data for name: pikachu-belle: 404
    at <unknown> (.next/server/app/pokemon/[name]/page.js:1:716)
Error loading Pokémon data: Error: Failed to fetch Pokemon species data for name: pikachu-pop-star: 404
    at <unknown> (.next/server/app/pokemon/[name]/page.js:1:716)
Error generating metadata: Error: Failed to fetch Pokemon species data for name: pikachu-pop-star: 404
    at <unknown> (.next/server/app/pokemon/[name]/page.js:1:716)
Error loading Pokémon data: Error: Failed to fetch Pokemon species data for name: pikachu-phd: 404
    at <unknown> (.next/server/app/pokemon/[name]/page.js:1:716)
Error generating metadata: Error: Failed to fetch Pokemon species data for name: pikachu-phd: 404
    at <unknown> (.next/server/app/pokemon/[name]/page.js:1:716)
Error loading Pokémon data: Error: Failed to fetch Pokemon species data for name: pikachu-libre: 404
    at <unknown> (.next/server/app/pokemon/[name]/page.js:1:716)
Error generating metadata: Error: Failed to fetch Pokemon species data for name: pikachu-libre: 404
    at <unknown> (.next/server/app/pokemon/[name]/page.js:1:716)
Error loading Pokémon data: Error: Failed to fetch Pokemon species data for name: pikachu-original-cap: 404
    at <unknown> (.next/server/app/pokemon/[name]/page.js:1:716)
Error generating metadata: Error: Failed to fetch Pokemon species data for name: pikachu-original-cap: 404
    at <unknown> (.next/server/app/pokemon/[name]/page.js:1:716)
Error loading Pokémon data: Error: Failed to fetch Pokemon species data for name: pikachu-sinnoh-cap: 404
    at <unknown> (.next/server/app/pokemon/[name]/page.js:1:716)
Error generating metadata: Error: Failed to fetch Pokemon species data for name: pikachu-sinnoh-cap: 404
    at <unknown> (.next/server/app/pokemon/[name]/page.js:1:716)
Error loading Pokémon data: Error: Failed to fetch Pokemon species data for name: pikachu-cosplay: 404
    at <unknown> (.next/server/app/pokemon/[name]/page.js:1:716)
Error generating metadata: Error: Failed to fetch Pokemon species data for name: pikachu-cosplay: 404
    at <unknown> (.next/server/app/pokemon/[name]/page.js:1:716)
Error loading Pokémon data: Error: Failed to fetch Pokemon species data for name: pikachu-alola-cap: 404
    at <unknown> (.next/server/app/pokemon/[name]/page.js:1:716)
Error generating metadata: Error: Failed to fetch Pokemon species data for name: pikachu-alola-cap: 404
    at <unknown> (.next/server/app/pokemon/[name]/page.js:1:716)
Error loading Pokémon data: Error: Failed to fetch Pokemon species data for name: pikachu-unova-cap: 404
    at <unknown> (.next/server/app/pokemon/[name]/page.js:1:716)
Error generating metadata: Error: Failed to fetch Pokemon species data for name: pikachu-unova-cap: 404
    at <unknown> (.next/server/app/pokemon/[name]/page.js:1:716)
Error loading Pokémon data: Error: Failed to fetch Pokemon species data for name: pikachu-partner-cap: 404
    at <unknown> (.next/server/app/pokemon/[name]/page.js:1:716)
Error generating metadata: Error: Failed to fetch Pokemon species data for name: pikachu-partner-cap: 404
    at <unknown> (.next/server/app/pokemon/[name]/page.js:1:716)
Error loading Pokémon data: Error: Failed to fetch Pokemon species data for name: pikachu-starter: 404
    at <unknown> (.next/server/app/pokemon/[name]/page.js:1:716)
Error generating metadata: Error: Failed to fetch Pokemon species data for name: pikachu-starter: 404
    at <unknown> (.next/server/app/pokemon/[name]/page.js:1:716)
Error loading Pokémon data: Error: Failed to fetch Pokemon species data for name: pikachu-world-cap: 404
    at <unknown> (.next/server/app/pokemon/[name]/page.js:1:716)
Error generating metadata: Error: Failed to fetch Pokemon species data for name: pikachu-world-cap: 404
    at <unknown> (.next/server/app/pokemon/[name]/page.js:1:716)
Error loading Pokémon data: Error: Failed to fetch Pokemon species data for name: eevee-starter: 404
    at <unknown> (.next/server/app/pokemon/[name]/[game]/[dex]/page.js:2:7688)
Error generating metadata: Error: Failed to fetch Pokemon species data for name: eevee-starter: 404
    at <unknown> (.next/server/app/pokemon/[name]/[game]/[dex]/page.js:2:7688)
Error loading Pokémon data: Error: Failed to fetch Pokemon species data for name: pikachu-rock-star: 404
    at <unknown> (.next/server/app/pokemon/[name]/[game]/[dex]/page.js:2:7688)
Error generating metadata: Error: Failed to fetch Pokemon species data for name: pikachu-rock-star: 404
    at <unknown> (.next/server/app/pokemon/[name]/[game]/[dex]/page.js:2:7688)
Error loading Pokémon data: Error: Failed to fetch Pokemon species data for name: pikachu-belle: 404
    at <unknown> (.next/server/app/pokemon/[name]/[game]/[dex]/page.js:2:7688)
Error generating metadata: Error: Failed to fetch Pokemon species data for name: pikachu-belle: 404
    at <unknown> (.next/server/app/pokemon/[name]/[game]/[dex]/page.js:2:7688)
Error loading Pokémon data: Error: Failed to fetch Pokemon species data for name: pikachu-cosplay: 404
    at <unknown> (.next/server/app/pokemon/[name]/[game]/[dex]/page.js:2:7688)
Error generating metadata: Error: Failed to fetch Pokemon species data for name: pikachu-cosplay: 404
    at <unknown> (.next/server/app/pokemon/[name]/[game]/[dex]/page.js:2:7688)
Error loading Pokémon data: Error: Failed to fetch Pokemon species data for name: pikachu-libre: 404
    at <unknown> (.next/server/app/pokemon/[name]/[game]/[dex]/page.js:2:7688)
Error generating metadata: Error: Failed to fetch Pokemon species data for name: pikachu-libre: 404
    at <unknown> (.next/server/app/pokemon/[name]/[game]/[dex]/page.js:2:7688)
Error loading Pokémon data: Error: Failed to fetch Pokemon species data for name: pikachu-phd: 404
    at <unknown> (.next/server/app/pokemon/[name]/[game]/[dex]/page.js:2:7688)
Error generating metadata: Error: Failed to fetch Pokemon species data for name: pikachu-phd: 404
    at <unknown> (.next/server/app/pokemon/[name]/[game]/[dex]/page.js:2:7688)
Error loading Pokémon data: Error: Failed to fetch Pokemon species data for name: pikachu-pop-star: 404
    at <unknown> (.next/server/app/pokemon/[name]/[game]/[dex]/page.js:2:7688)
Error generating metadata: Error: Failed to fetch Pokemon species data for name: pikachu-pop-star: 404
    at <unknown> (.next/server/app/pokemon/[name]/[game]/[dex]/page.js:2:7688)
Error loading Pokémon data: Error: Failed to fetch Pokemon species data for name: pikachu-sinnoh-cap: 404
    at <unknown> (.next/server/app/pokemon/[name]/[game]/[dex]/page.js:2:7688)
Error generating metadata: Error: Failed to fetch Pokemon species data for name: pikachu-sinnoh-cap: 404
    at <unknown> (.next/server/app/pokemon/[name]/[game]/[dex]/page.js:2:7688)
Error loading Pokémon data: Error: Failed to fetch Pokemon species data for name: pikachu-original-cap: 404
    at <unknown> (.next/server/app/pokemon/[name]/[game]/[dex]/page.js:2:7688)
Error generating metadata: Error: Failed to fetch Pokemon species data for name: pikachu-original-cap: 404
    at <unknown> (.next/server/app/pokemon/[name]/[game]/[dex]/page.js:2:7688)
Error loading Pokémon data: Error: Failed to fetch Pokemon species data for name: pikachu-unova-cap: 404
    at <unknown> (.next/server/app/pokemon/[name]/[game]/[dex]/page.js:2:7688)
Error generating metadata: Error: Failed to fetch Pokemon species data for name: pikachu-unova-cap: 404
    at <unknown> (.next/server/app/pokemon/[name]/[game]/[dex]/page.js:2:7688)
Error loading Pokémon data: Error: Failed to fetch Pokemon species data for name: pikachu-starter: 404
    at <unknown> (.next/server/app/pokemon/[name]/[game]/[dex]/page.js:2:7688)
Error generating metadata: Error: Failed to fetch Pokemon species data for name: pikachu-starter: 404
    at <unknown> (.next/server/app/pokemon/[name]/[game]/[dex]/page.js:2:7688)
Error loading Pokémon data: Error: Failed to fetch Pokemon species data for name: pikachu-alola-cap: 404
    at <unknown> (.next/server/app/pokemon/[name]/[game]/[dex]/page.js:2:7688)
Error generating metadata: Error: Failed to fetch Pokemon species data for name: pikachu-alola-cap: 404
    at <unknown> (.next/server/app/pokemon/[name]/[game]/[dex]/page.js:2:7688)
Error loading Pokémon data: Error: Failed to fetch Pokemon species data for name: pikachu-partner-cap: 404
    at <unknown> (.next/server/app/pokemon/[name]/[game]/[dex]/page.js:2:7688)
Error generating metadata: Error: Failed to fetch Pokemon species data for name: pikachu-partner-cap: 404
    at <unknown> (.next/server/app/pokemon/[name]/[game]/[dex]/page.js:2:7688)
Error loading Pokémon data: Error: Failed to fetch Pokemon species data for name: pikachu-world-cap: 404
    at <unknown> (.next/server/app/pokemon/[name]/[game]/[dex]/page.js:2:7688)
Error generating metadata: Error: Failed to fetch Pokemon species data for name: pikachu-world-cap: 404
    at <unknown> (.next/server/app/pokemon/[name]/[game]/[dex]/page.js:2:7688)
Error loading Pokémon data: Error: Failed to fetch Pokemon species data for name: eevee-starter: 404
    at <unknown> (.next/server/app/pokemon/[name]/page.js:1:716)
Error generating metadata: Error: Failed to fetch Pokemon species data for name: eevee-starter: 404
    at <unknown> (.next/server/app/pokemon/[name]/page.js:1:716)
Error loading Pokémon data: Error: Failed to fetch Pokemon species data for name: eevee-starter: 404
    at <unknown> (.next/server/app/pokemon/[name]/[game]/[dex]/page.js:2:7688)
Error generating metadata: Error: Failed to fetch Pokemon species data for name: eevee-starter: 404
    at <unknown> (.next/server/app/pokemon/[name]/[game]/[dex]/page.js:2:7688)
Error loading Pokemon: Error: Failed to fetch Pokemon species data for name: castform-rainy: 404
    at <unknown> (.next/server/app/pokemon/[name]/page.js:1:716)
Error loading Pokemon: Error: Failed to fetch Pokemon species data for name: castform-sunny: 404
    at <unknown> (.next/server/app/pokemon/[name]/page.js:1:716)
Error loading Pokemon: Error: Failed to fetch Pokemon species data for name: castform-snowy: 404
    at <unknown> (.next/server/app/pokemon/[name]/page.js:1:716)
Error loading Pokémon data: Error: Failed to fetch Pokemon species data for name: pikachu-rock-star: 404
    at <unknown> (.next/server/app/pokemon/[name]/page.js:1:716)
Error generating metadata: Error: Failed to fetch Pokemon species data for name: pikachu-rock-star: 404
    at <unknown> (.next/server/app/pokemon/[name]/page.js:1:716)
Error loading Pokémon data: Error: Failed to fetch Pokemon species data for name: pikachu-belle: 404
    at <unknown> (.next/server/app/pokemon/[name]/page.js:1:716)
Error generating metadata: Error: Failed to fetch Pokemon species data for name: pikachu-belle: 404
    at <unknown> (.next/server/app/pokemon/[name]/page.js:1:716)
Error loading Pokémon data: Error: Failed to fetch Pokemon species data for name: castform-rainy: 404
    at <unknown> (.next/server/app/pokemon/[name]/[game]/[dex]/page.js:2:7688)
Error generating metadata: Error: Failed to fetch Pokemon species data for name: castform-rainy: 404
    at <unknown> (.next/server/app/pokemon/[name]/[game]/[dex]/page.js:2:7688)
Error loading Pokémon data: Error: Failed to fetch Pokemon species data for name: pikachu-pop-star: 404
    at <unknown> (.next/server/app/pokemon/[name]/page.js:1:716)
Error generating metadata: Error: Failed to fetch Pokemon species data for name: pikachu-pop-star: 404
    at <unknown> (.next/server/app/pokemon/[name]/page.js:1:716)
Error loading Pokémon data: Error: Failed to fetch Pokemon species data for name: pikachu-cosplay: 404
    at <unknown> (.next/server/app/pokemon/[name]/page.js:1:716)
Error generating metadata: Error: Failed to fetch Pokemon species data for name: pikachu-cosplay: 404
    at <unknown> (.next/server/app/pokemon/[name]/page.js:1:716)
Error loading Pokémon data: Error: Failed to fetch Pokemon species data for name: castform-sunny: 404
    at <unknown> (.next/server/app/pokemon/[name]/[game]/[dex]/page.js:2:7688)
Error generating metadata: Error: Failed to fetch Pokemon species data for name: castform-sunny: 404
    at <unknown> (.next/server/app/pokemon/[name]/[game]/[dex]/page.js:2:7688)
Error loading Pokémon data: Error: Failed to fetch Pokemon species data for name: pikachu-phd: 404
    at <unknown> (.next/server/app/pokemon/[name]/page.js:1:716)
Error generating metadata: Error: Failed to fetch Pokemon species data for name: pikachu-phd: 404
    at <unknown> (.next/server/app/pokemon/[name]/page.js:1:716)
Error loading Pokémon data: Error: Failed to fetch Pokemon species data for name: castform-sunny: 404
    at <unknown> (.next/server/app/pokemon/[name]/[game]/[dex]/page.js:2:7688)
Error generating metadata: Error: Failed to fetch Pokemon species data for name: castform-sunny: 404
    at <unknown> (.next/server/app/pokemon/[name]/[game]/[dex]/page.js:2:7688)
Error loading Pokémon data: Error: Failed to fetch Pokemon species data for name: pikachu-libre: 404
    at <unknown> (.next/server/app/pokemon/[name]/page.js:1:716)
Error generating metadata: Error: Failed to fetch Pokemon species data for name: pikachu-libre: 404
    at <unknown> (.next/server/app/pokemon/[name]/page.js:1:716)
Error loading Pokémon data: Error: Failed to fetch Pokemon species data for name: castform-rainy: 404
    at <unknown> (.next/server/app/pokemon/[name]/[game]/[dex]/page.js:2:7688)
Error generating metadata: Error: Failed to fetch Pokemon species data for name: castform-rainy: 404
    at <unknown> (.next/server/app/pokemon/[name]/[game]/[dex]/page.js:2:7688)
Error loading Pokémon data: Error: Failed to fetch Pokemon species data for name: castform-snowy: 404
    at <unknown> (.next/server/app/pokemon/[name]/[game]/[dex]/page.js:2:7688)
Error generating metadata: Error: Failed to fetch Pokemon species data for name: castform-snowy: 404
    at <unknown> (.next/server/app/pokemon/[name]/[game]/[dex]/page.js:2:7688)
Error loading Pokémon data: Error: Failed to fetch Pokemon species data for name: castform-snowy: 404
    at <unknown> (.next/server/app/pokemon/[name]/[game]/[dex]/page.js:2:7688)
Error generating metadata: Error: Failed to fetch Pokemon species data for name: castform-snowy: 404
    at <unknown> (.next/server/app/pokemon/[name]/[game]/[dex]/page.js:2:7688)
Error loading Pokémon data: Error: Failed to fetch Pokemon species data for name: pikachu-original-cap: 404
    at <unknown> (.next/server/app/pokemon/[name]/page.js:1:716)
Error generating metadata: Error: Failed to fetch Pokemon species data for name: pikachu-original-cap: 404
    at <unknown> (.next/server/app/pokemon/[name]/page.js:1:716)
Error loading Pokémon data: Error: Failed to fetch Pokemon species data for name: pikachu-sinnoh-cap: 404
    at <unknown> (.next/server/app/pokemon/[name]/page.js:1:716)
Error generating metadata: Error: Failed to fetch Pokemon species data for name: pikachu-sinnoh-cap: 404
    at <unknown> (.next/server/app/pokemon/[name]/page.js:1:716)
Error loading Pokémon data: Error: Failed to fetch Pokemon species data for name: pikachu-unova-cap: 404
    at <unknown> (.next/server/app/pokemon/[name]/page.js:1:716)
Error generating metadata: Error: Failed to fetch Pokemon species data for name: pikachu-unova-cap: 404
    at <unknown> (.next/server/app/pokemon/[name]/page.js:1:716)
Error loading Pokémon data: Error: Failed to fetch Pokemon species data for name: pikachu-partner-cap: 404
    at <unknown> (.next/server/app/pokemon/[name]/page.js:1:716)
Error generating metadata: Error: Failed to fetch Pokemon species data for name: pikachu-partner-cap: 404
    at <unknown> (.next/server/app/pokemon/[name]/page.js:1:716)
Error loading Pokémon data: Error: Failed to fetch Pokemon species data for name: pikachu-starter: 404
    at <unknown> (.next/server/app/pokemon/[name]/page.js:1:716)
Error generating metadata: Error: Failed to fetch Pokemon species data for name: pikachu-starter: 404
    at <unknown> (.next/server/app/pokemon/[name]/page.js:1:716)
Error loading Pokémon data: Error: Failed to fetch Pokemon species data for name: pikachu-alola-cap: 404
    at <unknown> (.next/server/app/pokemon/[name]/page.js:1:716)
Error generating metadata: Error: Failed to fetch Pokemon species data for name: pikachu-alola-cap: 404
    at <unknown> (.next/server/app/pokemon/[name]/page.js:1:716)
Error loading Pokémon data: Error: Failed to fetch Pokemon species data for name: pikachu-world-cap: 404
    at <unknown> (.next/server/app/pokemon/[name]/page.js:1:716)
Error generating metadata: Error: Failed to fetch Pokemon species data for name: pikachu-world-cap: 404
    at <unknown> (.next/server/app/pokemon/[name]/page.js:1:716)
Error loading Pokémon data: Error: Failed to fetch Pokemon species data for name: eevee-starter: 404
    at <unknown> (.next/server/app/pokemon/[name]/[game]/[dex]/page.js:2:7688)
Error generating metadata: Error: Failed to fetch Pokemon species data for name: eevee-starter: 404
    at <unknown> (.next/server/app/pokemon/[name]/[game]/[dex]/page.js:2:7688)
Error loading Pokémon data: Error: Failed to fetch Pokemon species data for name: castform-sunny: 404
    at <unknown> (.next/server/app/pokemon/[name]/[game]/[dex]/page.js:2:7688)
Error generating metadata: Error: Failed to fetch Pokemon species data for name: castform-sunny: 404
    at <unknown> (.next/server/app/pokemon/[name]/[game]/[dex]/page.js:2:7688)
Error loading Pokémon data: Error: Failed to fetch Pokemon species data for name: castform-rainy: 404
    at <unknown> (.next/server/app/pokemon/[name]/[game]/[dex]/page.js:2:7688)
Error generating metadata: Error: Failed to fetch Pokemon species data for name: castform-rainy: 404
    at <unknown> (.next/server/app/pokemon/[name]/[game]/[dex]/page.js:2:7688)
Error loading Pokémon data: Error: Failed to fetch Pokemon species data for name: castform-snowy: 404
    at <unknown> (.next/server/app/pokemon/[name]/[game]/[dex]/page.js:2:7688)
Error generating metadata: Error: Failed to fetch Pokemon species data for name: castform-snowy: 404
    at <unknown> (.next/server/app/pokemon/[name]/[game]/[dex]/page.js:2:7688)
Error loading Pokémon data: Error: Failed to fetch Pokemon species data for name: basculin-blue-striped: 404
    at <unknown> (.next/server/app/pokemon/[name]/[game]/[dex]/page.js:2:7688)
Error generating metadata: Error: Failed to fetch Pokemon species data for name: basculin-blue-striped: 404
    at <unknown> (.next/server/app/pokemon/[name]/[game]/[dex]/page.js:2:7688)
Error loading Pokémon data: Error: Failed to fetch Pokemon species data for name: basculin-white-striped: 404
    at <unknown> (.next/server/app/pokemon/[name]/[game]/[dex]/page.js:2:7688)
Error generating metadata: Error: Failed to fetch Pokemon species data for name: basculin-white-striped: 404
    at <unknown> (.next/server/app/pokemon/[name]/[game]/[dex]/page.js:2:7688)
Error loading Pokémon data: Error: Failed to fetch Pokemon species data for name: darmanitan-galar: 404
    at <unknown> (.next/server/app/pokemon/[name]/[game]/[dex]/page.js:2:7688)
Error generating metadata: Error: Failed to fetch Pokemon species data for name: darmanitan-galar: 404
    at <unknown> (.next/server/app/pokemon/[name]/[game]/[dex]/page.js:2:7688)
Error loading Pokémon data: Error: Failed to fetch Pokemon species data for name: darmanitan-galar-zen: 404
    at <unknown> (.next/server/app/pokemon/[name]/[game]/[dex]/page.js:2:7688)
Error generating metadata: Error: Failed to fetch Pokemon species data for name: darmanitan-galar-zen: 404
    at <unknown> (.next/server/app/pokemon/[name]/[game]/[dex]/page.js:2:7688)
Error loading Pokémon data: Error: Failed to fetch Pokemon species data for name: darmanitan-zen: 404
    at <unknown> (.next/server/app/pokemon/[name]/[game]/[dex]/page.js:2:7688)
Error generating metadata: Error: Failed to fetch Pokemon species data for name: darmanitan-zen: 404
    at <unknown> (.next/server/app/pokemon/[name]/[game]/[dex]/page.js:2:7688)
Error loading Pokémon data: Error: Failed to fetch Pokemon species data for name: basculin-white-striped: 404
    at <unknown> (.next/server/app/pokemon/[name]/[game]/[dex]/page.js:2:7688)
Error generating metadata: Error: Failed to fetch Pokemon species data for name: basculin-white-striped: 404
    at <unknown> (.next/server/app/pokemon/[name]/[game]/[dex]/page.js:2:7688)
Error loading Pokémon data: Error: Failed to fetch Pokemon species data for name: basculin-blue-striped: 404
    at <unknown> (.next/server/app/pokemon/[name]/[game]/[dex]/page.js:2:7688)
Error generating metadata: Error: Failed to fetch Pokemon species data for name: basculin-blue-striped: 404
    at <unknown> (.next/server/app/pokemon/[name]/[game]/[dex]/page.js:2:7688)
Error loading Pokémon data: Error: Failed to fetch Pokemon species data for name: rotom-heat: 404
    at <unknown> (.next/server/app/pokemon/[name]/[game]/[dex]/page.js:2:7688)
Error generating metadata: Error: Failed to fetch Pokemon species data for name: rotom-heat: 404
    at <unknown> (.next/server/app/pokemon/[name]/[game]/[dex]/page.js:2:7688)
Error loading Pokémon data: Error: Failed to fetch Pokemon species data for name: rotom-wash: 404
    at <unknown> (.next/server/app/pokemon/[name]/[game]/[dex]/page.js:2:7688)
Error generating metadata: Error: Failed to fetch Pokemon species data for name: rotom-wash: 404
    at <unknown> (.next/server/app/pokemon/[name]/[game]/[dex]/page.js:2:7688)
Error loading Pokémon data: Error: Failed to fetch Pokemon species data for name: pikachu-pop-star: 404
    at <unknown> (.next/server/app/pokemon/[name]/[game]/[dex]/page.js:2:7688)
Error generating metadata: Error: Failed to fetch Pokemon species data for name: pikachu-pop-star: 404
    at <unknown> (.next/server/app/pokemon/[name]/[game]/[dex]/page.js:2:7688)
Error loading Pokémon data: Error: Failed to fetch Pokemon species data for name: rotom-heat: 404
    at <unknown> (.next/server/app/pokemon/[name]/[game]/[dex]/page.js:2:7688)
Error generating metadata: Error: Failed to fetch Pokemon species data for name: rotom-heat: 404
    at <unknown> (.next/server/app/pokemon/[name]/[game]/[dex]/page.js:2:7688)
Error loading Pokémon data: Error: Failed to fetch Pokemon species data for name: rotom-wash: 404
    at <unknown> (.next/server/app/pokemon/[name]/[game]/[dex]/page.js:2:7688)
Error generating metadata: Error: Failed to fetch Pokemon species data for name: rotom-wash: 404
    at <unknown> (.next/server/app/pokemon/[name]/[game]/[dex]/page.js:2:7688)
Error loading Pokémon data: Error: Failed to fetch Pokemon species data for name: pikachu-rock-star: 404
    at <unknown> (.next/server/app/pokemon/[name]/[game]/[dex]/page.js:2:7688)
Error generating metadata: Error: Failed to fetch Pokemon species data for name: pikachu-rock-star: 404
    at <unknown> (.next/server/app/pokemon/[name]/[game]/[dex]/page.js:2:7688)
Error loading Pokémon data: Error: Failed to fetch Pokemon species data for name: pikachu-belle: 404
    at <unknown> (.next/server/app/pokemon/[name]/[game]/[dex]/page.js:2:7688)
Error generating metadata: Error: Failed to fetch Pokemon species data for name: pikachu-belle: 404
    at <unknown> (.next/server/app/pokemon/[name]/[game]/[dex]/page.js:2:7688)
Error loading Pokémon data: Error: Failed to fetch Pokemon species data for name: pikachu-phd: 404
    at <unknown> (.next/server/app/pokemon/[name]/[game]/[dex]/page.js:2:7688)
Error generating metadata: Error: Failed to fetch Pokemon species data for name: pikachu-phd: 404
    at <unknown> (.next/server/app/pokemon/[name]/[game]/[dex]/page.js:2:7688)
Error loading Pokémon data: Error: Failed to fetch Pokemon species data for name: rotom-frost: 404
    at <unknown> (.next/server/app/pokemon/[name]/[game]/[dex]/page.js:2:7688)
Error generating metadata: Error: Failed to fetch Pokemon species data for name: rotom-frost: 404
    at <unknown> (.next/server/app/pokemon/[name]/[game]/[dex]/page.js:2:7688)
Error loading Pokémon data: Error: Failed to fetch Pokemon species data for name: rotom-fan: 404
    at <unknown> (.next/server/app/pokemon/[name]/[game]/[dex]/page.js:2:7688)
Error generating metadata: Error: Failed to fetch Pokemon species data for name: rotom-fan: 404
    at <unknown> (.next/server/app/pokemon/[name]/[game]/[dex]/page.js:2:7688)
Error loading Pokémon data: Error: Failed to fetch Pokemon species data for name: pikachu-cosplay: 404
    at <unknown> (.next/server/app/pokemon/[name]/[game]/[dex]/page.js:2:7688)
Error generating metadata: Error: Failed to fetch Pokemon species data for name: pikachu-cosplay: 404
    at <unknown> (.next/server/app/pokemon/[name]/[game]/[dex]/page.js:2:7688)
Error loading Pokémon data: Error: Failed to fetch Pokemon species data for name: rotom-mow: 404
    at <unknown> (.next/server/app/pokemon/[name]/[game]/[dex]/page.js:2:7688)
Error generating metadata: Error: Failed to fetch Pokemon species data for name: rotom-mow: 404
    at <unknown> (.next/server/app/pokemon/[name]/[game]/[dex]/page.js:2:7688)
Error loading Pokémon data: Error: Failed to fetch Pokemon species data for name: pikachu-original-cap: 404
    at <unknown> (.next/server/app/pokemon/[name]/[game]/[dex]/page.js:2:7688)
Error generating metadata: Error: Failed to fetch Pokemon species data for name: pikachu-original-cap: 404
    at <unknown> (.next/server/app/pokemon/[name]/[game]/[dex]/page.js:2:7688)
Error loading Pokémon data: Error: Failed to fetch Pokemon species data for name: pikachu-libre: 404
    at <unknown> (.next/server/app/pokemon/[name]/[game]/[dex]/page.js:2:7688)
Error generating metadata: Error: Failed to fetch Pokemon species data for name: pikachu-libre: 404
    at <unknown> (.next/server/app/pokemon/[name]/[game]/[dex]/page.js:2:7688)
Error loading Pokémon data: Error: Failed to fetch Pokemon species data for name: rotom-mow: 404
    at <unknown> (.next/server/app/pokemon/[name]/[game]/[dex]/page.js:2:7688)
Error generating metadata: Error: Failed to fetch Pokemon species data for name: rotom-mow: 404
    at <unknown> (.next/server/app/pokemon/[name]/[game]/[dex]/page.js:2:7688)
Error loading Pokémon data: Error: Failed to fetch Pokemon species data for name: rotom-fan: 404
    at <unknown> (.next/server/app/pokemon/[name]/[game]/[dex]/page.js:2:7688)
Error generating metadata: Error: Failed to fetch Pokemon species data for name: rotom-fan: 404
    at <unknown> (.next/server/app/pokemon/[name]/[game]/[dex]/page.js:2:7688)
Error loading Pokémon data: Error: Failed to fetch Pokemon species data for name: rotom-frost: 404
    at <unknown> (.next/server/app/pokemon/[name]/[game]/[dex]/page.js:2:7688)
Error generating metadata: Error: Failed to fetch Pokemon species data for name: rotom-frost: 404
    at <unknown> (.next/server/app/pokemon/[name]/[game]/[dex]/page.js:2:7688)
Error loading Pokémon data: Error: Failed to fetch Pokemon species data for name: pikachu-sinnoh-cap: 404
    at <unknown> (.next/server/app/pokemon/[name]/[game]/[dex]/page.js:2:7688)
Error generating metadata: Error: Failed to fetch Pokemon species data for name: pikachu-sinnoh-cap: 404
    at <unknown> (.next/server/app/pokemon/[name]/[game]/[dex]/page.js:2:7688)
Error loading Pokémon data: Error: Failed to fetch Pokemon species data for name: pikachu-alola-cap: 404
    at <unknown> (.next/server/app/pokemon/[name]/[game]/[dex]/page.js:2:7688)
Error generating metadata: Error: Failed to fetch Pokemon species data for name: pikachu-alola-cap: 404
    at <unknown> (.next/server/app/pokemon/[name]/[game]/[dex]/page.js:2:7688)
Error loading Pokémon data: Error: Failed to fetch Pokemon species data for name: pikachu-unova-cap: 404
    at <unknown> (.next/server/app/pokemon/[name]/[game]/[dex]/page.js:2:7688)
Error generating metadata: Error: Failed to fetch Pokemon species data for name: pikachu-unova-cap: 404
    at <unknown> (.next/server/app/pokemon/[name]/[game]/[dex]/page.js:2:7688)
Error loading Pokémon data: Error: Failed to fetch Pokemon species data for name: pikachu-starter: 404
    at <unknown> (.next/server/app/pokemon/[name]/[game]/[dex]/page.js:2:7688)
Error generating metadata: Error: Failed to fetch Pokemon species data for name: pikachu-starter: 404
    at <unknown> (.next/server/app/pokemon/[name]/[game]/[dex]/page.js:2:7688)
Error loading Pokémon data: Error: Failed to fetch Pokemon species data for name: pikachu-world-cap: 404
    at <unknown> (.next/server/app/pokemon/[name]/[game]/[dex]/page.js:2:7688)
Error generating metadata: Error: Failed to fetch Pokemon species data for name: pikachu-world-cap: 404
    at <unknown> (.next/server/app/pokemon/[name]/[game]/[dex]/page.js:2:7688)
Error loading Pokémon data: Error: Failed to fetch Pokemon species data for name: pikachu-partner-cap: 404
    at <unknown> (.next/server/app/pokemon/[name]/[game]/[dex]/page.js:2:7688)
Error generating metadata: Error: Failed to fetch Pokemon species data for name: pikachu-partner-cap: 404
    at <unknown> (.next/server/app/pokemon/[name]/[game]/[dex]/page.js:2:7688)
Error loading Pokémon data: Error: Failed to fetch Pokemon species data for name: basculin-blue-striped: 404
    at <unknown> (.next/server/app/pokemon/[name]/[game]/[dex]/page.js:2:7688)
Error generating metadata: Error: Failed to fetch Pokemon species data for name: basculin-blue-striped: 404
    at <unknown> (.next/server/app/pokemon/[name]/[game]/[dex]/page.js:2:7688)
Error loading Pokémon data: Error: Failed to fetch Pokemon species data for name: basculin-white-striped: 404
    at <unknown> (.next/server/app/pokemon/[name]/[game]/[dex]/page.js:2:7688)
Error generating metadata: Error: Failed to fetch Pokemon species data for name: basculin-white-striped: 404
    at <unknown> (.next/server/app/pokemon/[name]/[game]/[dex]/page.js:2:7688)
Error loading Pokémon data: Error: Failed to fetch Pokemon species data for name: basculin-white-striped: 404
    at <unknown> (.next/server/app/pokemon/[name]/[game]/[dex]/page.js:2:7688)
Error generating metadata: Error: Failed to fetch Pokemon species data for name: basculin-white-striped: 404
    at <unknown> (.next/server/app/pokemon/[name]/[game]/[dex]/page.js:2:7688)
Error loading Pokémon data: Error: Failed to fetch Pokemon species data for name: basculin-blue-striped: 404
    at <unknown> (.next/server/app/pokemon/[name]/[game]/[dex]/page.js:2:7688)
Error generating metadata: Error: Failed to fetch Pokemon species data for name: basculin-blue-striped: 404
    at <unknown> (.next/server/app/pokemon/[name]/[game]/[dex]/page.js:2:7688)
Error loading Pokémon data: Error: Failed to fetch Pokemon species data for name: basculin-white-striped: 404
    at <unknown> (.next/server/app/pokemon/[name]/[game]/[dex]/page.js:2:7688)
Error generating metadata: Error: Failed to fetch Pokemon species data for name: basculin-white-striped: 404
    at <unknown> (.next/server/app/pokemon/[name]/[game]/[dex]/page.js:2:7688)
Error loading Pokémon data: Error: Failed to fetch Pokemon species data for name: basculin-blue-striped: 404
    at <unknown> (.next/server/app/pokemon/[name]/[game]/[dex]/page.js:2:7688)
Error generating metadata: Error: Failed to fetch Pokemon species data for name: basculin-blue-striped: 404
    at <unknown> (.next/server/app/pokemon/[name]/[game]/[dex]/page.js:2:7688)
Error loading Pokémon data: Error: Failed to fetch Pokemon species data for name: darmanitan-galar: 404
    at <unknown> (.next/server/app/pokemon/[name]/[game]/[dex]/page.js:2:7688)
Error generating metadata: Error: Failed to fetch Pokemon species data for name: darmanitan-galar: 404
    at <unknown> (.next/server/app/pokemon/[name]/[game]/[dex]/page.js:2:7688)
Error loading Pokémon data: Error: Failed to fetch Pokemon species data for name: darmanitan-galar-zen: 404
    at <unknown> (.next/server/app/pokemon/[name]/[game]/[dex]/page.js:2:7688)
Error generating metadata: Error: Failed to fetch Pokemon species data for name: darmanitan-galar-zen: 404
    at <unknown> (.next/server/app/pokemon/[name]/[game]/[dex]/page.js:2:7688)
Error loading Pokémon data: Error: Failed to fetch Pokemon species data for name: darmanitan-zen: 404
    at <unknown> (.next/server/app/pokemon/[name]/[game]/[dex]/page.js:2:7688)
Error generating metadata: Error: Failed to fetch Pokemon species data for name: darmanitan-zen: 404
    at <unknown> (.next/server/app/pokemon/[name]/[game]/[dex]/page.js:2:7688)
Error loading Pokémon data: Error: Failed to fetch Pokemon species data for name: darmanitan-galar: 404
    at <unknown> (.next/server/app/pokemon/[name]/[game]/[dex]/page.js:2:7688)
Error generating metadata: Error: Failed to fetch Pokemon species data for name: darmanitan-galar: 404
    at <unknown> (.next/server/app/pokemon/[name]/[game]/[dex]/page.js:2:7688)
Error loading Pokémon data: Error: Failed to fetch Pokemon species data for name: darmanitan-zen: 404
    at <unknown> (.next/server/app/pokemon/[name]/[game]/[dex]/page.js:2:7688)
Error generating metadata: Error: Failed to fetch Pokemon species data for name: darmanitan-zen: 404
    at <unknown> (.next/server/app/pokemon/[name]/[game]/[dex]/page.js:2:7688)
Error loading Pokémon data: Error: Failed to fetch Pokemon species data for name: darmanitan-galar-zen: 404
    at <unknown> (.next/server/app/pokemon/[name]/[game]/[dex]/page.js:2:7688)
Error generating metadata: Error: Failed to fetch Pokemon species data for name: darmanitan-galar-zen: 404
    at <unknown> (.next/server/app/pokemon/[name]/[game]/[dex]/page.js:2:7688)
Error loading Pokémon data: Error: Failed to fetch Pokemon species data for name: raticate-totem: 404
    at <unknown> (.next/server/app/pokemon/[name]/[game]/[dex]/page.js:2:7688)
Error generating metadata: Error: Failed to fetch Pokemon species data for name: raticate-totem: 404
    at <unknown> (.next/server/app/pokemon/[name]/[game]/[dex]/page.js:2:7688)
Error loading Pokémon data: Error: Failed to fetch Pokemon species data for name: pikachu-belle: 404
    at <unknown> (.next/server/app/pokemon/[name]/[game]/[dex]/page.js:2:7688)
Error generating metadata: Error: Failed to fetch Pokemon species data for name: pikachu-belle: 404
    at <unknown> (.next/server/app/pokemon/[name]/[game]/[dex]/page.js:2:7688)
Error loading Pokémon data: Error: Failed to fetch Pokemon species data for name: pikachu-rock-star: 404
    at <unknown> (.next/server/app/pokemon/[name]/[game]/[dex]/page.js:2:7688)
Error generating metadata: Error: Failed to fetch Pokemon species data for name: pikachu-rock-star: 404
    at <unknown> (.next/server/app/pokemon/[name]/[game]/[dex]/page.js:2:7688)
Error loading Pokémon data: Error: Failed to fetch Pokemon species data for name: pikachu-pop-star: 404
    at <unknown> (.next/server/app/pokemon/[name]/[game]/[dex]/page.js:2:7688)
Error generating metadata: Error: Failed to fetch Pokemon species data for name: pikachu-pop-star: 404
    at <unknown> (.next/server/app/pokemon/[name]/[game]/[dex]/page.js:2:7688)
Error loading Pokémon data: Error: Failed to fetch Pokemon species data for name: pikachu-phd: 404
    at <unknown> (.next/server/app/pokemon/[name]/[game]/[dex]/page.js:2:7688)
Error generating metadata: Error: Failed to fetch Pokemon species data for name: pikachu-phd: 404
    at <unknown> (.next/server/app/pokemon/[name]/[game]/[dex]/page.js:2:7688)
Error loading Pokémon data: Error: Failed to fetch Pokemon species data for name: pikachu-libre: 404
    at <unknown> (.next/server/app/pokemon/[name]/[game]/[dex]/page.js:2:7688)
Error generating metadata: Error: Failed to fetch Pokemon species data for name: pikachu-libre: 404
    at <unknown> (.next/server/app/pokemon/[name]/[game]/[dex]/page.js:2:7688)
Error loading Pokémon data: Error: Failed to fetch Pokemon species data for name: pikachu-cosplay: 404
    at <unknown> (.next/server/app/pokemon/[name]/[game]/[dex]/page.js:2:7688)
Error generating metadata: Error: Failed to fetch Pokemon species data for name: pikachu-cosplay: 404
    at <unknown> (.next/server/app/pokemon/[name]/[game]/[dex]/page.js:2:7688)
Error loading Pokémon data: Error: Failed to fetch Pokemon species data for name: pikachu-sinnoh-cap: 404
    at <unknown> (.next/server/app/pokemon/[name]/[game]/[dex]/page.js:2:7688)
Error generating metadata: Error: Failed to fetch Pokemon species data for name: pikachu-sinnoh-cap: 404
    at <unknown> (.next/server/app/pokemon/[name]/[game]/[dex]/page.js:2:7688)
Error loading Pokémon data: Error: Failed to fetch Pokemon species data for name: pikachu-original-cap: 404
    at <unknown> (.next/server/app/pokemon/[name]/[game]/[dex]/page.js:2:7688)
Error generating metadata: Error: Failed to fetch Pokemon species data for name: pikachu-original-cap: 404
    at <unknown> (.next/server/app/pokemon/[name]/[game]/[dex]/page.js:2:7688)
Error loading Pokémon data: Error: Failed to fetch Pokemon species data for name: pikachu-unova-cap: 404
    at <unknown> (.next/server/app/pokemon/[name]/[game]/[dex]/page.js:2:7688)
Error generating metadata: Error: Failed to fetch Pokemon species data for name: pikachu-unova-cap: 404
    at <unknown> (.next/server/app/pokemon/[name]/[game]/[dex]/page.js:2:7688)
Error loading Pokémon data: Error: Failed to fetch Pokemon species data for name: pikachu-partner-cap: 404
    at <unknown> (.next/server/app/pokemon/[name]/[game]/[dex]/page.js:2:7688)
Error generating metadata: Error: Failed to fetch Pokemon species data for name: pikachu-partner-cap: 404
    at <unknown> (.next/server/app/pokemon/[name]/[game]/[dex]/page.js:2:7688)
Error loading Pokémon data: Error: Failed to fetch Pokemon species data for name: pikachu-starter: 404
    at <unknown> (.next/server/app/pokemon/[name]/[game]/[dex]/page.js:2:7688)
Error generating metadata: Error: Failed to fetch Pokemon species data for name: pikachu-starter: 404
    at <unknown> (.next/server/app/pokemon/[name]/[game]/[dex]/page.js:2:7688)
Error loading Pokémon data: Error: Failed to fetch Pokemon species data for name: pikachu-alola-cap: 404
    at <unknown> (.next/server/app/pokemon/[name]/[game]/[dex]/page.js:2:7688)
Error generating metadata: Error: Failed to fetch Pokemon species data for name: pikachu-alola-cap: 404
    at <unknown> (.next/server/app/pokemon/[name]/[game]/[dex]/page.js:2:7688)
Error loading Pokémon data: Error: Failed to fetch Pokemon species data for name: pikachu-world-cap: 404
    at <unknown> (.next/server/app/pokemon/[name]/[game]/[dex]/page.js:2:7688)
Error generating metadata: Error: Failed to fetch Pokemon species data for name: pikachu-world-cap: 404
    at <unknown> (.next/server/app/pokemon/[name]/[game]/[dex]/page.js:2:7688)
Error loading Pokemon: Error: Failed to fetch Pokemon species data for name: wormadam-sandy: 404
    at <unknown> (.next/server/app/pokemon/[name]/page.js:1:716)
Error loading Pokemon: Error: Failed to fetch Pokemon species data for name: wormadam-trash: 404
    at <unknown> (.next/server/app/pokemon/[name]/page.js:1:716)
Error loading Pokémon data: Error: Failed to fetch Pokemon species data for name: castform-sunny: 404
    at <unknown> (.next/server/app/pokemon/[name]/[game]/[dex]/page.js:2:7688)
Error generating metadata: Error: Failed to fetch Pokemon species data for name: castform-sunny: 404
    at <unknown> (.next/server/app/pokemon/[name]/[game]/[dex]/page.js:2:7688)
Error loading Pokémon data: Error: Failed to fetch Pokemon species data for name: castform-snowy: 404
    at <unknown> (.next/server/app/pokemon/[name]/[game]/[dex]/page.js:2:7688)
Error generating metadata: Error: Failed to fetch Pokemon species data for name: castform-snowy: 404
    at <unknown> (.next/server/app/pokemon/[name]/[game]/[dex]/page.js:2:7688)
Error loading Pokémon data: Error: Failed to fetch Pokemon species data for name: castform-rainy: 404
    at <unknown> (.next/server/app/pokemon/[name]/[game]/[dex]/page.js:2:7688)
Error generating metadata: Error: Failed to fetch Pokemon species data for name: castform-rainy: 404
    at <unknown> (.next/server/app/pokemon/[name]/[game]/[dex]/page.js:2:7688)
Error loading Pokémon data: Error: Failed to fetch Pokemon species data for name: eevee-starter: 404
    at <unknown> (.next/server/app/pokemon/[name]/[game]/[dex]/page.js:2:7688)
Error generating metadata: Error: Failed to fetch Pokemon species data for name: eevee-starter: 404
    at <unknown> (.next/server/app/pokemon/[name]/[game]/[dex]/page.js:2:7688)
Error loading Pokémon data: Error: Failed to fetch Pokemon species data for name: floette-red: 404
    at <unknown> (.next/server/app/pokemon/[name]/[game]/[dex]/page.js:2:7688)
Error generating metadata: Error: Failed to fetch Pokemon species data for name: floette-red: 404
    at <unknown> (.next/server/app/pokemon/[name]/[game]/[dex]/page.js:2:7688)
Error loading Pokémon data: Error: Failed to fetch Pokemon species data for name: floette-yellow: 404
    at <unknown> (.next/server/app/pokemon/[name]/[game]/[dex]/page.js:2:7688)
Error generating metadata: Error: Failed to fetch Pokemon species data for name: floette-yellow: 404
    at <unknown> (.next/server/app/pokemon/[name]/[game]/[dex]/page.js:2:7688)
Error loading Pokémon data: Error: Failed to fetch Pokemon species data for name: floette-orange: 404
    at <unknown> (.next/server/app/pokemon/[name]/[game]/[dex]/page.js:2:7688)
Error generating metadata: Error: Failed to fetch Pokemon species data for name: floette-orange: 404
    at <unknown> (.next/server/app/pokemon/[name]/[game]/[dex]/page.js:2:7688)
Error loading Pokémon data: Error: Failed to fetch Pokemon species data for name: floette-white: 404
    at <unknown> (.next/server/app/pokemon/[name]/[game]/[dex]/page.js:2:7688)
Error generating metadata: Error: Failed to fetch Pokemon species data for name: floette-white: 404
    at <unknown> (.next/server/app/pokemon/[name]/[game]/[dex]/page.js:2:7688)
Error loading Pokémon data: Error: Failed to fetch Pokemon species data for name: floette-blue: 404
    at <unknown> (.next/server/app/pokemon/[name]/[game]/[dex]/page.js:2:7688)
Error generating metadata: Error: Failed to fetch Pokemon species data for name: floette-blue: 404
    at <unknown> (.next/server/app/pokemon/[name]/[game]/[dex]/page.js:2:7688)
Error loading Pokémon data: Error: Failed to fetch Pokemon species data for name: floette-eternal: 404
    at <unknown> (.next/server/app/pokemon/[name]/[game]/[dex]/page.js:2:7688)
Error generating metadata: Error: Failed to fetch Pokemon species data for name: floette-eternal: 404
    at <unknown> (.next/server/app/pokemon/[name]/[game]/[dex]/page.js:2:7688)
Error loading Pokémon data: Error: Failed to fetch Pokemon species data for name: raticate-totem: 404
    at <unknown> (.next/server/app/pokemon/[name]/[game]/[dex]/page.js:2:7688)
Error generating metadata: Error: Failed to fetch Pokemon species data for name: raticate-totem: 404
    at <unknown> (.next/server/app/pokemon/[name]/[game]/[dex]/page.js:2:7688)
Error loading Pokémon data: Error: Failed to fetch Pokemon species data for name: pikachu-belle: 404
    at <unknown> (.next/server/app/pokemon/[name]/[game]/[dex]/page.js:2:7688)
Error generating metadata: Error: Failed to fetch Pokemon species data for name: pikachu-belle: 404
    at <unknown> (.next/server/app/pokemon/[name]/[game]/[dex]/page.js:2:7688)
Error loading Pokémon data: Error: Failed to fetch Pokemon species data for name: pikachu-rock-star: 404
    at <unknown> (.next/server/app/pokemon/[name]/[game]/[dex]/page.js:2:7688)
Error generating metadata: Error: Failed to fetch Pokemon species data for name: pikachu-rock-star: 404
    at <unknown> (.next/server/app/pokemon/[name]/[game]/[dex]/page.js:2:7688)
Error loading Pokémon data: Error: Failed to fetch Pokemon species data for name: pikachu-phd: 404
    at <unknown> (.next/server/app/pokemon/[name]/[game]/[dex]/page.js:2:7688)
Error generating metadata: Error: Failed to fetch Pokemon species data for name: pikachu-phd: 404
    at <unknown> (.next/server/app/pokemon/[name]/[game]/[dex]/page.js:2:7688)
Error loading Pokémon data: Error: Failed to fetch Pokemon species data for name: pikachu-pop-star: 404
    at <unknown> (.next/server/app/pokemon/[name]/[game]/[dex]/page.js:2:7688)
Error generating metadata: Error: Failed to fetch Pokemon species data for name: pikachu-pop-star: 404
    at <unknown> (.next/server/app/pokemon/[name]/[game]/[dex]/page.js:2:7688)
Error loading Pokémon data: Error: Failed to fetch Pokemon species data for name: pikachu-libre: 404
    at <unknown> (.next/server/app/pokemon/[name]/[game]/[dex]/page.js:2:7688)
Error generating metadata: Error: Failed to fetch Pokemon species data for name: pikachu-libre: 404
    at <unknown> (.next/server/app/pokemon/[name]/[game]/[dex]/page.js:2:7688)
Error loading Pokémon data: Error: Failed to fetch Pokemon species data for name: pikachu-original-cap: 404
    at <unknown> (.next/server/app/pokemon/[name]/[game]/[dex]/page.js:2:7688)
Error generating metadata: Error: Failed to fetch Pokemon species data for name: pikachu-original-cap: 404
    at <unknown> (.next/server/app/pokemon/[name]/[game]/[dex]/page.js:2:7688)
Error loading Pokémon data: Error: Failed to fetch Pokemon species data for name: pikachu-cosplay: 404
    at <unknown> (.next/server/app/pokemon/[name]/[game]/[dex]/page.js:2:7688)
Error generating metadata: Error: Failed to fetch Pokemon species data for name: pikachu-cosplay: 404
    at <unknown> (.next/server/app/pokemon/[name]/[game]/[dex]/page.js:2:7688)
Error loading Pokémon data: Error: Failed to fetch Pokemon species data for name: pikachu-sinnoh-cap: 404
    at <unknown> (.next/server/app/pokemon/[name]/[game]/[dex]/page.js:2:7688)
Error generating metadata: Error: Failed to fetch Pokemon species data for name: pikachu-sinnoh-cap: 404
    at <unknown> (.next/server/app/pokemon/[name]/[game]/[dex]/page.js:2:7688)
Error loading Pokémon data: Error: Failed to fetch Pokemon species data for name: pikachu-alola-cap: 404
    at <unknown> (.next/server/app/pokemon/[name]/[game]/[dex]/page.js:2:7688)
Error generating metadata: Error: Failed to fetch Pokemon species data for name: pikachu-alola-cap: 404
    at <unknown> (.next/server/app/pokemon/[name]/[game]/[dex]/page.js:2:7688)
Error loading Pokémon data: Error: Failed to fetch Pokemon species data for name: pikachu-unova-cap: 404
    at <unknown> (.next/server/app/pokemon/[name]/[game]/[dex]/page.js:2:7688)
Error generating metadata: Error: Failed to fetch Pokemon species data for name: pikachu-unova-cap: 404
    at <unknown> (.next/server/app/pokemon/[name]/[game]/[dex]/page.js:2:7688)
Error loading Pokémon data: Error: Failed to fetch Pokemon species data for name: pikachu-partner-cap: 404
    at <unknown> (.next/server/app/pokemon/[name]/[game]/[dex]/page.js:2:7688)
Error generating metadata: Error: Failed to fetch Pokemon species data for name: pikachu-partner-cap: 404
    at <unknown> (.next/server/app/pokemon/[name]/[game]/[dex]/page.js:2:7688)
Error loading Pokémon data: Error: Failed to fetch Pokemon species data for name: pikachu-starter: 404
    at <unknown> (.next/server/app/pokemon/[name]/[game]/[dex]/page.js:2:7688)
Error generating metadata: Error: Failed to fetch Pokemon species data for name: pikachu-starter: 404
    at <unknown> (.next/server/app/pokemon/[name]/[game]/[dex]/page.js:2:7688)
Error loading Pokémon data: Error: Failed to fetch Pokemon species data for name: pikachu-world-cap: 404
    at <unknown> (.next/server/app/pokemon/[name]/[game]/[dex]/page.js:2:7688)
Error generating metadata: Error: Failed to fetch Pokemon species data for name: pikachu-world-cap: 404
    at <unknown> (.next/server/app/pokemon/[name]/[game]/[dex]/page.js:2:7688)
Error loading Pokemon: Error: Failed to fetch Pokemon species data for name: dialga-origin: 404
    at <unknown> (.next/server/app/pokemon/[name]/page.js:1:716)
Error loading Pokemon: Error: Failed to fetch Pokemon species data for name: palkia-origin: 404
    at <unknown> (.next/server/app/pokemon/[name]/page.js:1:716)
Error loading Pokemon: Error: Failed to fetch Pokemon species data for name: rotom-wash: 404
    at <unknown> (.next/server/app/pokemon/[name]/page.js:1:716)
Error loading Pokemon: Error: Failed to fetch Pokemon species data for name: rotom-heat: 404
    at <unknown> (.next/server/app/pokemon/[name]/page.js:1:716)
Error loading Pokemon: Error: Failed to fetch Pokemon species data for name: rotom-fan: 404
    at <unknown> (.next/server/app/pokemon/[name]/page.js:1:716)
Error loading Pokemon: Error: Failed to fetch Pokemon species data for name: rotom-frost: 404
    at <unknown> (.next/server/app/pokemon/[name]/page.js:1:716)
Error loading Pokemon: Error: Failed to fetch Pokemon species data for name: rotom-mow: 404
    at <unknown> (.next/server/app/pokemon/[name]/page.js:1:716)
Error loading Pokemon: Error: Failed to fetch Pokemon species data for name: giratina-origin: 404
    at <unknown> (.next/server/app/pokemon/[name]/page.js:1:716)
Error loading Pokémon data: Error: Failed to fetch Pokemon species data for name: floette-blue: 404
    at <unknown> (.next/server/app/pokemon/[name]/[game]/[dex]/page.js:2:7688)
Error generating metadata: Error: Failed to fetch Pokemon species data for name: floette-blue: 404
    at <unknown> (.next/server/app/pokemon/[name]/[game]/[dex]/page.js:2:7688)
Error loading Pokémon data: Error: Failed to fetch Pokemon species data for name: floette-orange: 404
    at <unknown> (.next/server/app/pokemon/[name]/[game]/[dex]/page.js:2:7688)
Error generating metadata: Error: Failed to fetch Pokemon species data for name: floette-orange: 404
    at <unknown> (.next/server/app/pokemon/[name]/[game]/[dex]/page.js:2:7688)
Error loading Pokémon data: Error: Failed to fetch Pokemon species data for name: floette-yellow: 404
    at <unknown> (.next/server/app/pokemon/[name]/[game]/[dex]/page.js:2:7688)
Error generating metadata: Error: Failed to fetch Pokemon species data for name: floette-yellow: 404
    at <unknown> (.next/server/app/pokemon/[name]/[game]/[dex]/page.js:2:7688)
Error loading Pokémon data: Error: Failed to fetch Pokemon species data for name: floette-red: 404
    at <unknown> (.next/server/app/pokemon/[name]/[game]/[dex]/page.js:2:7688)
Error generating metadata: Error: Failed to fetch Pokemon species data for name: floette-red: 404
    at <unknown> (.next/server/app/pokemon/[name]/[game]/[dex]/page.js:2:7688)
Error loading Pokémon data: Error: Failed to fetch Pokemon species data for name: floette-eternal: 404
    at <unknown> (.next/server/app/pokemon/[name]/[game]/[dex]/page.js:2:7688)
Error generating metadata: Error: Failed to fetch Pokemon species data for name: floette-eternal: 404
    at <unknown> (.next/server/app/pokemon/[name]/[game]/[dex]/page.js:2:7688)
Error loading Pokémon data: Error: Failed to fetch Pokemon species data for name: floette-white: 404
    at <unknown> (.next/server/app/pokemon/[name]/[game]/[dex]/page.js:2:7688)
Error generating metadata: Error: Failed to fetch Pokemon species data for name: floette-white: 404
    at <unknown> (.next/server/app/pokemon/[name]/[game]/[dex]/page.js:2:7688)
Error loading Pokemon: Error: Failed to fetch Pokemon species data for name: basculin-blue-striped: 404
    at <unknown> (.next/server/app/pokemon/[name]/page.js:1:716)
Error loading Pokemon: Error: Failed to fetch Pokemon species data for name: basculin-white-striped: 404
    at <unknown> (.next/server/app/pokemon/[name]/page.js:1:716)
Error loading Pokemon: Error: Failed to fetch Pokemon species data for name: darmanitan-zen: 404
    at <unknown> (.next/server/app/pokemon/[name]/page.js:1:716)
Error loading Pokemon: Error: Failed to fetch Pokemon species data for name: darmanitan-galar: 404
    at <unknown> (.next/server/app/pokemon/[name]/page.js:1:716)
Error loading Pokemon: Error: Failed to fetch Pokemon species data for name: darmanitan-galar-zen: 404
    at <unknown> (.next/server/app/pokemon/[name]/page.js:1:716)
Error loading Pokémon data: Error: Failed to fetch Pokemon species data for name: castform-sunny: 404
    at <unknown> (.next/server/app/pokemon/[name]/[game]/[dex]/page.js:2:7688)
Error generating metadata: Error: Failed to fetch Pokemon species data for name: castform-sunny: 404
    at <unknown> (.next/server/app/pokemon/[name]/[game]/[dex]/page.js:2:7688)
Error loading Pokémon data: Error: Failed to fetch Pokemon species data for name: castform-rainy: 404
    at <unknown> (.next/server/app/pokemon/[name]/[game]/[dex]/page.js:2:7688)
Error generating metadata: Error: Failed to fetch Pokemon species data for name: castform-rainy: 404
    at <unknown> (.next/server/app/pokemon/[name]/[game]/[dex]/page.js:2:7688)
Error loading Pokémon data: Error: Failed to fetch Pokemon species data for name: castform-snowy: 404
    at <unknown> (.next/server/app/pokemon/[name]/[game]/[dex]/page.js:2:7688)
Error generating metadata: Error: Failed to fetch Pokemon species data for name: castform-snowy: 404
    at <unknown> (.next/server/app/pokemon/[name]/[game]/[dex]/page.js:2:7688)
Error loading Pokemon: Error: Failed to fetch Pokemon species data for name: tornadus-therian: 404
    at <unknown> (.next/server/app/pokemon/[name]/page.js:1:716)
Error loading Pokemon: Error: Failed to fetch Pokemon species data for name: thundurus-therian: 404
    at <unknown> (.next/server/app/pokemon/[name]/page.js:1:716)
Error loading Pokémon data: Error: Failed to fetch Pokemon species data for name: mimikyu-busted: 404
    at <unknown> (.next/server/app/pokemon/[name]/[game]/[dex]/page.js:2:7688)
Error generating metadata: Error: Failed to fetch Pokemon species data for name: mimikyu-busted: 404
    at <unknown> (.next/server/app/pokemon/[name]/[game]/[dex]/page.js:2:7688)
Error loading Pokémon data: Error: Failed to fetch Pokemon species data for name: mimikyu-totem: 404
    at <unknown> (.next/server/app/pokemon/[name]/[game]/[dex]/page.js:2:7688)
Error generating metadata: Error: Failed to fetch Pokemon species data for name: mimikyu-totem: 404
    at <unknown> (.next/server/app/pokemon/[name]/[game]/[dex]/page.js:2:7688)
Error loading Pokémon data: Error: Failed to fetch Pokemon species data for name: mimikyu-totem-busted: 404
    at <unknown> (.next/server/app/pokemon/[name]/[game]/[dex]/page.js:2:7688)
Error generating metadata: Error: Failed to fetch Pokemon species data for name: mimikyu-totem-busted: 404
    at <unknown> (.next/server/app/pokemon/[name]/[game]/[dex]/page.js:2:7688)
Error loading Pokémon data: Error: Failed to fetch Pokemon species data for name: tornadus-therian: 404
    at <unknown> (.next/server/app/pokemon/[name]/[game]/[dex]/page.js:2:7688)
Error generating metadata: Error: Failed to fetch Pokemon species data for name: tornadus-therian: 404
    at <unknown> (.next/server/app/pokemon/[name]/[game]/[dex]/page.js:2:7688)
Error loading Pokémon data: Error: Failed to fetch Pokemon species data for name: thundurus-therian: 404
    at <unknown> (.next/server/app/pokemon/[name]/[game]/[dex]/page.js:2:7688)
Error generating metadata: Error: Failed to fetch Pokemon species data for name: thundurus-therian: 404
    at <unknown> (.next/server/app/pokemon/[name]/[game]/[dex]/page.js:2:7688)
Error loading Pokemon: Error: Failed to fetch Pokemon species data for name: landorus-therian: 404
    at <unknown> (.next/server/app/pokemon/[name]/page.js:1:716)
Error loading Pokemon: Error: Failed to fetch Pokemon species data for name: kyurem-black: 404
    at <unknown> (.next/server/app/pokemon/[name]/page.js:1:716)
Error loading Pokemon: Error: Failed to fetch Pokemon species data for name: kyurem-white: 404
    at <unknown> (.next/server/app/pokemon/[name]/page.js:1:716)
Error loading Pokémon data: Error: Failed to fetch Pokemon species data for name: landorus-therian: 404
    at <unknown> (.next/server/app/pokemon/[name]/[game]/[dex]/page.js:2:7688)
Error generating metadata: Error: Failed to fetch Pokemon species data for name: landorus-therian: 404
    at <unknown> (.next/server/app/pokemon/[name]/[game]/[dex]/page.js:2:7688)
Error loading Pokémon data: Error: Failed to fetch Pokemon species data for name: kyurem-white: 404
    at <unknown> (.next/server/app/pokemon/[name]/[game]/[dex]/page.js:2:7688)
Error generating metadata: Error: Failed to fetch Pokemon species data for name: kyurem-white: 404
    at <unknown> (.next/server/app/pokemon/[name]/[game]/[dex]/page.js:2:7688)
Error loading Pokémon data: Error: Failed to fetch Pokemon species data for name: kyurem-black: 404
    at <unknown> (.next/server/app/pokemon/[name]/[game]/[dex]/page.js:2:7688)
Error generating metadata: Error: Failed to fetch Pokemon species data for name: kyurem-black: 404
    at <unknown> (.next/server/app/pokemon/[name]/[game]/[dex]/page.js:2:7688)
Error loading Pokémon data: Error: Failed to fetch Pokemon species data for name: zygarde-10-power-construct: 404
    at <unknown> (.next/server/app/pokemon/[name]/[game]/[dex]/page.js:2:7688)
Error generating metadata: Error: Failed to fetch Pokemon species data for name: zygarde-10-power-construct: 404
    at <unknown> (.next/server/app/pokemon/[name]/[game]/[dex]/page.js:2:7688)
Error loading Pokémon data: Error: Failed to fetch Pokemon species data for name: zygarde-50-power-construct: 404
    at <unknown> (.next/server/app/pokemon/[name]/[game]/[dex]/page.js:2:7688)
Error generating metadata: Error: Failed to fetch Pokemon species data for name: zygarde-50-power-construct: 404
    at <unknown> (.next/server/app/pokemon/[name]/[game]/[dex]/page.js:2:7688)
Error loading Pokémon data: Error: Failed to fetch Pokemon species data for name: zygarde-10: 404
    at <unknown> (.next/server/app/pokemon/[name]/[game]/[dex]/page.js:2:7688)
Error generating metadata: Error: Failed to fetch Pokemon species data for name: zygarde-10: 404
    at <unknown> (.next/server/app/pokemon/[name]/[game]/[dex]/page.js:2:7688)
Error loading Pokémon data: Error: Failed to fetch Pokemon species data for name: zygarde-complete: 404
    at <unknown> (.next/server/app/pokemon/[name]/[game]/[dex]/page.js:2:7688)
Error generating metadata: Error: Failed to fetch Pokemon species data for name: zygarde-complete: 404
    at <unknown> (.next/server/app/pokemon/[name]/[game]/[dex]/page.js:2:7688)
Error loading Pokemon: Error: Failed to fetch Pokemon species data for name: meloetta-pirouette: 404
    at <unknown> (.next/server/app/pokemon/[name]/page.js:1:716)
Error loading Pokemon: Error: Failed to fetch Pokemon species data for name: keldeo-resolute: 404
    at <unknown> (.next/server/app/pokemon/[name]/page.js:1:716)
Error loading Pokémon data: Error: Failed to fetch Pokemon species data for name: rockruff-own-tempo: 404
    at <unknown> (.next/server/app/pokemon/[name]/[game]/[dex]/page.js:2:7688)
Error generating metadata: Error: Failed to fetch Pokemon species data for name: rockruff-own-tempo: 404
    at <unknown> (.next/server/app/pokemon/[name]/[game]/[dex]/page.js:2:7688)
Error loading Pokémon data: Error: Failed to fetch Pokemon species data for name: zygarde-10-power-construct: 404
    at <unknown> (.next/server/app/pokemon/[name]/[game]/[dex]/page.js:2:7688)
Error generating metadata: Error: Failed to fetch Pokemon species data for name: zygarde-10-power-construct: 404
    at <unknown> (.next/server/app/pokemon/[name]/[game]/[dex]/page.js:2:7688)
Error loading Pokémon data: Error: Failed to fetch Pokemon species data for name: zygarde-50-power-construct: 404
    at <unknown> (.next/server/app/pokemon/[name]/[game]/[dex]/page.js:2:7688)
Error generating metadata: Error: Failed to fetch Pokemon species data for name: zygarde-50-power-construct: 404
    at <unknown> (.next/server/app/pokemon/[name]/[game]/[dex]/page.js:2:7688)
Error loading Pokémon data: Error: Failed to fetch Pokemon species data for name: meloetta-pirouette: 404
    at <unknown> (.next/server/app/pokemon/[name]/[game]/[dex]/page.js:2:7688)
Error generating metadata: Error: Failed to fetch Pokemon species data for name: meloetta-pirouette: 404
    at <unknown> (.next/server/app/pokemon/[name]/[game]/[dex]/page.js:2:7688)
Error loading Pokémon data: Error: Failed to fetch Pokemon species data for name: keldeo-resolute: 404
    at <unknown> (.next/server/app/pokemon/[name]/[game]/[dex]/page.js:2:7688)
Error generating metadata: Error: Failed to fetch Pokemon species data for name: keldeo-resolute: 404
    at <unknown> (.next/server/app/pokemon/[name]/[game]/[dex]/page.js:2:7688)
Error loading Pokémon data: Error: Failed to fetch Pokemon species data for name: zygarde-complete: 404
    at <unknown> (.next/server/app/pokemon/[name]/[game]/[dex]/page.js:2:7688)
Error generating metadata: Error: Failed to fetch Pokemon species data for name: zygarde-complete: 404
    at <unknown> (.next/server/app/pokemon/[name]/[game]/[dex]/page.js:2:7688)
Error loading Pokémon data: Error: Failed to fetch Pokemon species data for name: zygarde-10: 404
    at <unknown> (.next/server/app/pokemon/[name]/[game]/[dex]/page.js:2:7688)
Error generating metadata: Error: Failed to fetch Pokemon species data for name: zygarde-10: 404
    at <unknown> (.next/server/app/pokemon/[name]/[game]/[dex]/page.js:2:7688)
Error loading Pokémon data: Error: Failed to fetch Pokemon species data for name: eevee-starter: 404
    at <unknown> (.next/server/app/pokemon/[name]/[game]/[dex]/page.js:2:7688)
Error generating metadata: Error: Failed to fetch Pokemon species data for name: eevee-starter: 404
    at <unknown> (.next/server/app/pokemon/[name]/[game]/[dex]/page.js:2:7688)
Error loading Pokémon data: Error: Failed to fetch Pokemon species data for name: pikachu-rock-star: 404
    at <unknown> (.next/server/app/pokemon/[name]/[game]/[dex]/page.js:2:7688)
Error generating metadata: Error: Failed to fetch Pokemon species data for name: pikachu-rock-star: 404
    at <unknown> (.next/server/app/pokemon/[name]/[game]/[dex]/page.js:2:7688)
Error loading Pokémon data: Error: Failed to fetch Pokemon species data for name: pikachu-phd: 404
    at <unknown> (.next/server/app/pokemon/[name]/[game]/[dex]/page.js:2:7688)
Error generating metadata: Error: Failed to fetch Pokemon species data for name: pikachu-phd: 404
    at <unknown> (.next/server/app/pokemon/[name]/[game]/[dex]/page.js:2:7688)
Error loading Pokémon data: Error: Failed to fetch Pokemon species data for name: pikachu-pop-star: 404
    at <unknown> (.next/server/app/pokemon/[name]/[game]/[dex]/page.js:2:7688)
Error generating metadata: Error: Failed to fetch Pokemon species data for name: pikachu-pop-star: 404
    at <unknown> (.next/server/app/pokemon/[name]/[game]/[dex]/page.js:2:7688)
Error loading Pokémon data: Error: Failed to fetch Pokemon species data for name: pikachu-libre: 404
    at <unknown> (.next/server/app/pokemon/[name]/[game]/[dex]/page.js:2:7688)
Error generating metadata: Error: Failed to fetch Pokemon species data for name: pikachu-libre: 404
    at <unknown> (.next/server/app/pokemon/[name]/[game]/[dex]/page.js:2:7688)
Error loading Pokémon data: Error: Failed to fetch Pokemon species data for name: pikachu-belle: 404
    at <unknown> (.next/server/app/pokemon/[name]/[game]/[dex]/page.js:2:7688)
Error generating metadata: Error: Failed to fetch Pokemon species data for name: pikachu-belle: 404
    at <unknown> (.next/server/app/pokemon/[name]/[game]/[dex]/page.js:2:7688)
Error loading Pokémon data: Error: Failed to fetch Pokemon species data for name: pikachu-cosplay: 404
    at <unknown> (.next/server/app/pokemon/[name]/[game]/[dex]/page.js:2:7688)
Error generating metadata: Error: Failed to fetch Pokemon species data for name: pikachu-cosplay: 404
    at <unknown> (.next/server/app/pokemon/[name]/[game]/[dex]/page.js:2:7688)
Error loading Pokémon data: Error: Failed to fetch Pokemon species data for name: pikachu-original-cap: 404
    at <unknown> (.next/server/app/pokemon/[name]/[game]/[dex]/page.js:2:7688)
Error generating metadata: Error: Failed to fetch Pokemon species data for name: pikachu-original-cap: 404
    at <unknown> (.next/server/app/pokemon/[name]/[game]/[dex]/page.js:2:7688)
Error loading Pokémon data: Error: Failed to fetch Pokemon species data for name: pikachu-sinnoh-cap: 404
    at <unknown> (.next/server/app/pokemon/[name]/[game]/[dex]/page.js:2:7688)
Error generating metadata: Error: Failed to fetch Pokemon species data for name: pikachu-sinnoh-cap: 404
    at <unknown> (.next/server/app/pokemon/[name]/[game]/[dex]/page.js:2:7688)
Error loading Pokémon data: Error: Failed to fetch Pokemon species data for name: pikachu-partner-cap: 404
    at <unknown> (.next/server/app/pokemon/[name]/[game]/[dex]/page.js:2:7688)
Error generating metadata: Error: Failed to fetch Pokemon species data for name: pikachu-partner-cap: 404
    at <unknown> (.next/server/app/pokemon/[name]/[game]/[dex]/page.js:2:7688)
Error loading Pokémon data: Error: Failed to fetch Pokemon species data for name: pikachu-unova-cap: 404
    at <unknown> (.next/server/app/pokemon/[name]/[game]/[dex]/page.js:2:7688)
Error generating metadata: Error: Failed to fetch Pokemon species data for name: pikachu-unova-cap: 404
    at <unknown> (.next/server/app/pokemon/[name]/[game]/[dex]/page.js:2:7688)
Error loading Pokémon data: Error: Failed to fetch Pokemon species data for name: pikachu-alola-cap: 404
    at <unknown> (.next/server/app/pokemon/[name]/[game]/[dex]/page.js:2:7688)
Error generating metadata: Error: Failed to fetch Pokemon species data for name: pikachu-alola-cap: 404
    at <unknown> (.next/server/app/pokemon/[name]/[game]/[dex]/page.js:2:7688)
Error loading Pokémon data: Error: Failed to fetch Pokemon species data for name: pikachu-starter: 404
    at <unknown> (.next/server/app/pokemon/[name]/[game]/[dex]/page.js:2:7688)
Error generating metadata: Error: Failed to fetch Pokemon species data for name: pikachu-starter: 404
    at <unknown> (.next/server/app/pokemon/[name]/[game]/[dex]/page.js:2:7688)
Error loading Pokémon data: Error: Failed to fetch Pokemon species data for name: pikachu-world-cap: 404
    at <unknown> (.next/server/app/pokemon/[name]/[game]/[dex]/page.js:2:7688)
Error generating metadata: Error: Failed to fetch Pokemon species data for name: pikachu-world-cap: 404
    at <unknown> (.next/server/app/pokemon/[name]/[game]/[dex]/page.js:2:7688)
Error loading Pokémon data: Error: Failed to fetch Pokemon species data for name: rockruff-own-tempo: 404
    at <unknown> (.next/server/app/pokemon/[name]/[game]/[dex]/page.js:2:7688)
Error generating metadata: Error: Failed to fetch Pokemon species data for name: rockruff-own-tempo: 404
    at <unknown> (.next/server/app/pokemon/[name]/[game]/[dex]/page.js:2:7688)
Error loading Pokémon data: Error: Failed to fetch Pokemon species data for name: aegislash-blade: 404
    at <unknown> (.next/server/app/pokemon/[name]/[game]/[dex]/page.js:2:7688)
Error generating metadata: Error: Failed to fetch Pokemon species data for name: aegislash-blade: 404
    at <unknown> (.next/server/app/pokemon/[name]/[game]/[dex]/page.js:2:7688)
Error loading Pokémon data: Error: Failed to fetch Pokemon species data for name: raticate-totem: 404
    at <unknown> (.next/server/app/pokemon/[name]/[game]/[dex]/page.js:2:7688)
Error generating metadata: Error: Failed to fetch Pokemon species data for name: raticate-totem: 404
    at <unknown> (.next/server/app/pokemon/[name]/[game]/[dex]/page.js:2:7688)
Error loading Pokémon data: Error: Failed to fetch Pokemon species data for name: rockruff-own-tempo: 404
    at <unknown> (.next/server/app/pokemon/[name]/[game]/[dex]/page.js:2:7688)
Error generating metadata: Error: Failed to fetch Pokemon species data for name: rockruff-own-tempo: 404
    at <unknown> (.next/server/app/pokemon/[name]/[game]/[dex]/page.js:2:7688)
Error loading Pokémon data: Error: Failed to fetch Pokemon species data for name: mimikyu-totem-busted: 404
    at <unknown> (.next/server/app/pokemon/[name]/[game]/[dex]/page.js:2:7688)
Error generating metadata: Error: Failed to fetch Pokemon species data for name: mimikyu-totem-busted: 404
    at <unknown> (.next/server/app/pokemon/[name]/[game]/[dex]/page.js:2:7688)
Error loading Pokémon data: Error: Failed to fetch Pokemon species data for name: mimikyu-totem: 404
    at <unknown> (.next/server/app/pokemon/[name]/[game]/[dex]/page.js:2:7688)
Error generating metadata: Error: Failed to fetch Pokemon species data for name: mimikyu-totem: 404
    at <unknown> (.next/server/app/pokemon/[name]/[game]/[dex]/page.js:2:7688)
Error loading Pokémon data: Error: Failed to fetch Pokemon species data for name: mimikyu-busted: 404
    at <unknown> (.next/server/app/pokemon/[name]/[game]/[dex]/page.js:2:7688)
Error generating metadata: Error: Failed to fetch Pokemon species data for name: mimikyu-busted: 404
    at <unknown> (.next/server/app/pokemon/[name]/[game]/[dex]/page.js:2:7688)
Error loading Pokémon data: Error: Failed to fetch Pokemon species data for name: eevee-starter: 404
    at <unknown> (.next/server/app/pokemon/[name]/[game]/[dex]/page.js:2:7688)
Error generating metadata: Error: Failed to fetch Pokemon species data for name: eevee-starter: 404
    at <unknown> (.next/server/app/pokemon/[name]/[game]/[dex]/page.js:2:7688)
Error loading Pokemon: Error: Failed to fetch Pokemon species data for name: greninja-ash: 404
    at <unknown> (.next/server/app/pokemon/[name]/page.js:1:716)
Error loading Pokemon: Error: Failed to fetch Pokemon species data for name: greninja-battle-bond: 404
    at <unknown> (.next/server/app/pokemon/[name]/page.js:1:716)
Error loading Pokémon data: Error: Failed to fetch Pokemon species data for name: toxtricity-amped: 404
    at <unknown> (.next/server/app/pokemon/[name]/[game]/[dex]/page.js:2:7688)
Error generating metadata: Error: Failed to fetch Pokemon species data for name: toxtricity-amped: 404
    at <unknown> (.next/server/app/pokemon/[name]/[game]/[dex]/page.js:2:7688)
Error loading Pokémon data: Error: Failed to fetch Pokemon species data for name: toxtricity-low-key: 404
    at <unknown> (.next/server/app/pokemon/[name]/[game]/[dex]/page.js:2:7688)
Error generating metadata: Error: Failed to fetch Pokemon species data for name: toxtricity-low-key: 404
    at <unknown> (.next/server/app/pokemon/[name]/[game]/[dex]/page.js:2:7688)
Error loading Pokémon data: Error: Failed to fetch Pokemon species data for name: toxtricity-low-key: 404
    at <unknown> (.next/server/app/pokemon/[name]/[game]/[dex]/page.js:2:7688)
Error generating metadata: Error: Failed to fetch Pokemon species data for name: toxtricity-low-key: 404
    at <unknown> (.next/server/app/pokemon/[name]/[game]/[dex]/page.js:2:7688)
Error loading Pokémon data: Error: Failed to fetch Pokemon species data for name: minior-green-meteor: 404
    at <unknown> (.next/server/app/pokemon/[name]/[game]/[dex]/page.js:2:7688)
Error generating metadata: Error: Failed to fetch Pokemon species data for name: minior-green-meteor: 404
    at <unknown> (.next/server/app/pokemon/[name]/[game]/[dex]/page.js:2:7688)
Error loading Pokémon data: Error: Failed to fetch Pokemon species data for name: minior-orange-meteor: 404
    at <unknown> (.next/server/app/pokemon/[name]/[game]/[dex]/page.js:2:7688)
Error generating metadata: Error: Failed to fetch Pokemon species data for name: minior-orange-meteor: 404
    at <unknown> (.next/server/app/pokemon/[name]/[game]/[dex]/page.js:2:7688)
Error loading Pokémon data: Error: Failed to fetch Pokemon species data for name: minior-yellow-meteor: 404
    at <unknown> (.next/server/app/pokemon/[name]/[game]/[dex]/page.js:2:7688)
Error generating metadata: Error: Failed to fetch Pokemon species data for name: minior-yellow-meteor: 404
    at <unknown> (.next/server/app/pokemon/[name]/[game]/[dex]/page.js:2:7688)
Error loading Pokémon data: Error: Failed to fetch Pokemon species data for name: minior-indigo-meteor: 404
    at <unknown> (.next/server/app/pokemon/[name]/[game]/[dex]/page.js:2:7688)
Error generating metadata: Error: Failed to fetch Pokemon species data for name: minior-indigo-meteor: 404
    at <unknown> (.next/server/app/pokemon/[name]/[game]/[dex]/page.js:2:7688)
Error loading Pokémon data: Error: Failed to fetch Pokemon species data for name: minior-violet-meteor: 404
    at <unknown> (.next/server/app/pokemon/[name]/[game]/[dex]/page.js:2:7688)
Error generating metadata: Error: Failed to fetch Pokemon species data for name: minior-violet-meteor: 404
    at <unknown> (.next/server/app/pokemon/[name]/[game]/[dex]/page.js:2:7688)
Error loading Pokémon data: Error: Failed to fetch Pokemon species data for name: minior-red: 404
    at <unknown> (.next/server/app/pokemon/[name]/[game]/[dex]/page.js:2:7688)
Error generating metadata: Error: Failed to fetch Pokemon species data for name: minior-red: 404
    at <unknown> (.next/server/app/pokemon/[name]/[game]/[dex]/page.js:2:7688)
Error loading Pokémon data: Error: Failed to fetch Pokemon species data for name: minior-blue-meteor: 404
    at <unknown> (.next/server/app/pokemon/[name]/[game]/[dex]/page.js:2:7688)
Error generating metadata: Error: Failed to fetch Pokemon species data for name: minior-blue-meteor: 404
    at <unknown> (.next/server/app/pokemon/[name]/[game]/[dex]/page.js:2:7688)
Error loading Pokémon data: Error: Failed to fetch Pokemon species data for name: minior-orange: 404
    at <unknown> (.next/server/app/pokemon/[name]/[game]/[dex]/page.js:2:7688)
Error generating metadata: Error: Failed to fetch Pokemon species data for name: minior-orange: 404
    at <unknown> (.next/server/app/pokemon/[name]/[game]/[dex]/page.js:2:7688)
Error loading Pokémon data: Error: Failed to fetch Pokemon species data for name: minior-blue: 404
    at <unknown> (.next/server/app/pokemon/[name]/[game]/[dex]/page.js:2:7688)
Error generating metadata: Error: Failed to fetch Pokemon species data for name: minior-blue: 404
    at <unknown> (.next/server/app/pokemon/[name]/[game]/[dex]/page.js:2:7688)
Error loading Pokémon data: Error: Failed to fetch Pokemon species data for name: minior-yellow: 404
    at <unknown> (.next/server/app/pokemon/[name]/[game]/[dex]/page.js:2:7688)
Error generating metadata: Error: Failed to fetch Pokemon species data for name: minior-yellow: 404
    at <unknown> (.next/server/app/pokemon/[name]/[game]/[dex]/page.js:2:7688)
Error loading Pokémon data: Error: Failed to fetch Pokemon species data for name: minior-green: 404
    at <unknown> (.next/server/app/pokemon/[name]/[game]/[dex]/page.js:2:7688)
Error generating metadata: Error: Failed to fetch Pokemon species data for name: minior-green: 404
    at <unknown> (.next/server/app/pokemon/[name]/[game]/[dex]/page.js:2:7688)
Error loading Pokémon data: Error: Failed to fetch Pokemon species data for name: minior-indigo: 404
    at <unknown> (.next/server/app/pokemon/[name]/[game]/[dex]/page.js:2:7688)
Error generating metadata: Error: Failed to fetch Pokemon species data for name: minior-indigo: 404
    at <unknown> (.next/server/app/pokemon/[name]/[game]/[dex]/page.js:2:7688)
Error loading Pokémon data: Error: Failed to fetch Pokemon species data for name: minior-violet: 404
    at <unknown> (.next/server/app/pokemon/[name]/[game]/[dex]/page.js:2:7688)
Error generating metadata: Error: Failed to fetch Pokemon species data for name: minior-violet: 404
    at <unknown> (.next/server/app/pokemon/[name]/[game]/[dex]/page.js:2:7688)
Error loading Pokémon data: Error: Failed to fetch Pokemon species data for name: minior-orange-meteor: 404
    at <unknown> (.next/server/app/pokemon/[name]/[game]/[dex]/page.js:2:7688)
Error generating metadata: Error: Failed to fetch Pokemon species data for name: minior-orange-meteor: 404
    at <unknown> (.next/server/app/pokemon/[name]/[game]/[dex]/page.js:2:7688)
Error loading Pokémon data: Error: Failed to fetch Pokemon species data for name: minior-yellow-meteor: 404
    at <unknown> (.next/server/app/pokemon/[name]/[game]/[dex]/page.js:2:7688)
Error generating metadata: Error: Failed to fetch Pokemon species data for name: minior-yellow-meteor: 404
    at <unknown> (.next/server/app/pokemon/[name]/[game]/[dex]/page.js:2:7688)
Error loading Pokémon data: Error: Failed to fetch Pokemon species data for name: minior-green-meteor: 404
    at <unknown> (.next/server/app/pokemon/[name]/[game]/[dex]/page.js:2:7688)
Error generating metadata: Error: Failed to fetch Pokemon species data for name: minior-green-meteor: 404
    at <unknown> (.next/server/app/pokemon/[name]/[game]/[dex]/page.js:2:7688)
Error loading Pokémon data: Error: Failed to fetch Pokemon species data for name: minior-indigo-meteor: 404
    at <unknown> (.next/server/app/pokemon/[name]/[game]/[dex]/page.js:2:7688)
Error generating metadata: Error: Failed to fetch Pokemon species data for name: minior-indigo-meteor: 404
    at <unknown> (.next/server/app/pokemon/[name]/[game]/[dex]/page.js:2:7688)
Error loading Pokémon data: Error: Failed to fetch Pokemon species data for name: minior-violet-meteor: 404
    at <unknown> (.next/server/app/pokemon/[name]/[game]/[dex]/page.js:2:7688)
Error generating metadata: Error: Failed to fetch Pokemon species data for name: minior-violet-meteor: 404
    at <unknown> (.next/server/app/pokemon/[name]/[game]/[dex]/page.js:2:7688)
Error loading Pokémon data: Error: Failed to fetch Pokemon species data for name: minior-blue-meteor: 404
    at <unknown> (.next/server/app/pokemon/[name]/[game]/[dex]/page.js:2:7688)
Error generating metadata: Error: Failed to fetch Pokemon species data for name: minior-blue-meteor: 404
    at <unknown> (.next/server/app/pokemon/[name]/[game]/[dex]/page.js:2:7688)
Error loading Pokémon data: Error: Failed to fetch Pokemon species data for name: minior-red: 404
    at <unknown> (.next/server/app/pokemon/[name]/[game]/[dex]/page.js:2:7688)
Error generating metadata: Error: Failed to fetch Pokemon species data for name: minior-red: 404
    at <unknown> (.next/server/app/pokemon/[name]/[game]/[dex]/page.js:2:7688)
Error loading Pokémon data: Error: Failed to fetch Pokemon species data for name: mimikyu-busted: 404
    at <unknown> (.next/server/app/pokemon/[name]/[game]/[dex]/page.js:2:7688)
Error generating metadata: Error: Failed to fetch Pokemon species data for name: mimikyu-busted: 404
    at <unknown> (.next/server/app/pokemon/[name]/[game]/[dex]/page.js:2:7688)
Error loading Pokémon data: Error: Failed to fetch Pokemon species data for name: minior-yellow: 404
    at <unknown> (.next/server/app/pokemon/[name]/[game]/[dex]/page.js:2:7688)
Error generating metadata: Error: Failed to fetch Pokemon species data for name: minior-yellow: 404
    at <unknown> (.next/server/app/pokemon/[name]/[game]/[dex]/page.js:2:7688)
Error loading Pokémon data: Error: Failed to fetch Pokemon species data for name: minior-green: 404
    at <unknown> (.next/server/app/pokemon/[name]/[game]/[dex]/page.js:2:7688)
Error generating metadata: Error: Failed to fetch Pokemon species data for name: minior-green: 404
    at <unknown> (.next/server/app/pokemon/[name]/[game]/[dex]/page.js:2:7688)
Error loading Pokémon data: Error: Failed to fetch Pokemon species data for name: minior-orange: 404
    at <unknown> (.next/server/app/pokemon/[name]/[game]/[dex]/page.js:2:7688)
Error generating metadata: Error: Failed to fetch Pokemon species data for name: minior-orange: 404
    at <unknown> (.next/server/app/pokemon/[name]/[game]/[dex]/page.js:2:7688)
Error loading Pokémon data: Error: Failed to fetch Pokemon species data for name: minior-blue: 404
    at <unknown> (.next/server/app/pokemon/[name]/[game]/[dex]/page.js:2:7688)
Error generating metadata: Error: Failed to fetch Pokemon species data for name: minior-blue: 404
    at <unknown> (.next/server/app/pokemon/[name]/[game]/[dex]/page.js:2:7688)
Error loading Pokémon data: Error: Failed to fetch Pokemon species data for name: minior-violet: 404
    at <unknown> (.next/server/app/pokemon/[name]/[game]/[dex]/page.js:2:7688)
Error generating metadata: Error: Failed to fetch Pokemon species data for name: minior-violet: 404
    at <unknown> (.next/server/app/pokemon/[name]/[game]/[dex]/page.js:2:7688)
Error loading Pokémon data: Error: Failed to fetch Pokemon species data for name: minior-indigo: 404
    at <unknown> (.next/server/app/pokemon/[name]/[game]/[dex]/page.js:2:7688)
Error generating metadata: Error: Failed to fetch Pokemon species data for name: minior-indigo: 404
    at <unknown> (.next/server/app/pokemon/[name]/[game]/[dex]/page.js:2:7688)
Error loading Pokémon data: Error: Failed to fetch Pokemon species data for name: mimikyu-totem: 404
    at <unknown> (.next/server/app/pokemon/[name]/[game]/[dex]/page.js:2:7688)
Error generating metadata: Error: Failed to fetch Pokemon species data for name: mimikyu-totem: 404
    at <unknown> (.next/server/app/pokemon/[name]/[game]/[dex]/page.js:2:7688)
Error loading Pokémon data: Error: Failed to fetch Pokemon species data for name: mimikyu-totem-busted: 404
    at <unknown> (.next/server/app/pokemon/[name]/[game]/[dex]/page.js:2:7688)
Error generating metadata: Error: Failed to fetch Pokemon species data for name: mimikyu-totem-busted: 404
    at <unknown> (.next/server/app/pokemon/[name]/[game]/[dex]/page.js:2:7688)
Error loading Pokémon data: Error: Failed to fetch Pokemon species data for name: mimikyu-busted: 404
    at <unknown> (.next/server/app/pokemon/[name]/[game]/[dex]/page.js:2:7688)
Error generating metadata: Error: Failed to fetch Pokemon species data for name: mimikyu-busted: 404
    at <unknown> (.next/server/app/pokemon/[name]/[game]/[dex]/page.js:2:7688)
Error loading Pokémon data: Error: Failed to fetch Pokemon species data for name: mimikyu-totem: 404
    at <unknown> (.next/server/app/pokemon/[name]/[game]/[dex]/page.js:2:7688)
Error generating metadata: Error: Failed to fetch Pokemon species data for name: mimikyu-totem: 404
    at <unknown> (.next/server/app/pokemon/[name]/[game]/[dex]/page.js:2:7688)
Error loading Pokémon data: Error: Failed to fetch Pokemon species data for name: mimikyu-totem-busted: 404
    at <unknown> (.next/server/app/pokemon/[name]/[game]/[dex]/page.js:2:7688)
Error generating metadata: Error: Failed to fetch Pokemon species data for name: mimikyu-totem-busted: 404
    at <unknown> (.next/server/app/pokemon/[name]/[game]/[dex]/page.js:2:7688)
Error loading Pokemon: Error: Failed to fetch Pokemon species data for name: floette-red: 404
    at <unknown> (.next/server/app/pokemon/[name]/page.js:1:716)
Error loading Pokémon data: Error: Failed to fetch Pokemon species data for name: wormadam-trash: 404
    at <unknown> (.next/server/app/pokemon/[name]/[game]/[dex]/page.js:2:7688)
Error generating metadata: Error: Failed to fetch Pokemon species data for name: wormadam-trash: 404
    at <unknown> (.next/server/app/pokemon/[name]/[game]/[dex]/page.js:2:7688)
Error loading Pokémon data: Error: Failed to fetch Pokemon species data for name: wormadam-sandy: 404
    at <unknown> (.next/server/app/pokemon/[name]/[game]/[dex]/page.js:2:7688)
Error generating metadata: Error: Failed to fetch Pokemon species data for name: wormadam-sandy: 404
    at <unknown> (.next/server/app/pokemon/[name]/[game]/[dex]/page.js:2:7688)
Error loading Pokemon: Error: Failed to fetch Pokemon species data for name: floette-white: 404
    at <unknown> (.next/server/app/pokemon/[name]/page.js:1:716)
Error loading Pokemon: Error: Failed to fetch Pokemon species data for name: floette-blue: 404
    at <unknown> (.next/server/app/pokemon/[name]/page.js:1:716)
Error loading Pokemon: Error: Failed to fetch Pokemon species data for name: floette-orange: 404
    at <unknown> (.next/server/app/pokemon/[name]/page.js:1:716)
Error loading Pokemon: Error: Failed to fetch Pokemon species data for name: floette-yellow: 404
    at <unknown> (.next/server/app/pokemon/[name]/page.js:1:716)
Error loading Pokemon: Error: Failed to fetch Pokemon species data for name: floette-eternal: 404
    at <unknown> (.next/server/app/pokemon/[name]/page.js:1:716)
Error loading Pokémon data: Error: Failed to fetch Pokemon species data for name: eiscue-noice: 404
    at <unknown> (.next/server/app/pokemon/[name]/[game]/[dex]/page.js:2:7688)
Error generating metadata: Error: Failed to fetch Pokemon species data for name: eiscue-noice: 404
    at <unknown> (.next/server/app/pokemon/[name]/[game]/[dex]/page.js:2:7688)
Error loading Pokemon: Error: Failed to fetch Pokemon species data for name: aegislash-blade: 404
    at <unknown> (.next/server/app/pokemon/[name]/page.js:1:716)
Error loading Pokémon data: Error: Failed to fetch Pokemon species data for name: morpeko-hangry: 404
    at <unknown> (.next/server/app/pokemon/[name]/[game]/[dex]/page.js:2:7688)
Error generating metadata: Error: Failed to fetch Pokemon species data for name: morpeko-hangry: 404
    at <unknown> (.next/server/app/pokemon/[name]/[game]/[dex]/page.js:2:7688)
Error loading Pokemon: Error: Failed to fetch Pokemon species data for name: pumpkaboo-small: 404
    at <unknown> (.next/server/app/pokemon/[name]/page.js:1:716)
Error loading Pokemon: Error: Failed to fetch Pokemon species data for name: pumpkaboo-large: 404
    at <unknown> (.next/server/app/pokemon/[name]/page.js:1:716)
Error loading Pokemon: Error: Failed to fetch Pokemon species data for name: pumpkaboo-super: 404
    at <unknown> (.next/server/app/pokemon/[name]/page.js:1:716)
Error loading Pokemon: Error: Failed to fetch Pokemon species data for name: gourgeist-small: 404
    at <unknown> (.next/server/app/pokemon/[name]/page.js:1:716)
Error loading Pokemon: Error: Failed to fetch Pokemon species data for name: gourgeist-super: 404
    at <unknown> (.next/server/app/pokemon/[name]/page.js:1:716)
Error loading Pokémon data: Error: Failed to fetch Pokemon species data for name: eiscue-noice: 404
    at <unknown> (.next/server/app/pokemon/[name]/[game]/[dex]/page.js:2:7688)
Error generating metadata: Error: Failed to fetch Pokemon species data for name: eiscue-noice: 404
    at <unknown> (.next/server/app/pokemon/[name]/[game]/[dex]/page.js:2:7688)
Error loading Pokemon: Error: Failed to fetch Pokemon species data for name: gourgeist-large: 404
    at <unknown> (.next/server/app/pokemon/[name]/page.js:1:716)
Error loading Pokemon: Error: Failed to fetch Pokemon species data for name: zygarde-10-power-construct: 404
    at <unknown> (.next/server/app/pokemon/[name]/page.js:1:716)
Error loading Pokémon data: Error: Failed to fetch Pokemon species data for name: pumpkaboo-small: 404
    at <unknown> (.next/server/app/pokemon/[name]/[game]/[dex]/page.js:2:7688)
Error generating metadata: Error: Failed to fetch Pokemon species data for name: pumpkaboo-small: 404
    at <unknown> (.next/server/app/pokemon/[name]/[game]/[dex]/page.js:2:7688)
Error loading Pokemon: Error: Failed to fetch Pokemon species data for name: zygarde-50-power-construct: 404
    at <unknown> (.next/server/app/pokemon/[name]/page.js:1:716)
Error loading Pokémon data: Error: Failed to fetch Pokemon species data for name: pumpkaboo-super: 404
    at <unknown> (.next/server/app/pokemon/[name]/[game]/[dex]/page.js:2:7688)
Error generating metadata: Error: Failed to fetch Pokemon species data for name: pumpkaboo-super: 404
    at <unknown> (.next/server/app/pokemon/[name]/[game]/[dex]/page.js:2:7688)
Error loading Pokémon data: Error: Failed to fetch Pokemon species data for name: castform-sunny: 404
    at <unknown> (.next/server/app/pokemon/[name]/[game]/[dex]/page.js:2:7688)
Error generating metadata: Error: Failed to fetch Pokemon species data for name: castform-sunny: 404
    at <unknown> (.next/server/app/pokemon/[name]/[game]/[dex]/page.js:2:7688)
Error loading Pokémon data: Error: Failed to fetch Pokemon species data for name: castform-rainy: 404
    at <unknown> (.next/server/app/pokemon/[name]/[game]/[dex]/page.js:2:7688)
Error generating metadata: Error: Failed to fetch Pokemon species data for name: castform-rainy: 404
    at <unknown> (.next/server/app/pokemon/[name]/[game]/[dex]/page.js:2:7688)
Error loading Pokémon data: Error: Failed to fetch Pokemon species data for name: pumpkaboo-large: 404
    at <unknown> (.next/server/app/pokemon/[name]/[game]/[dex]/page.js:2:7688)
Error generating metadata: Error: Failed to fetch Pokemon species data for name: pumpkaboo-large: 404
    at <unknown> (.next/server/app/pokemon/[name]/[game]/[dex]/page.js:2:7688)
Error loading Pokemon: Error: Failed to fetch Pokemon species data for name: zygarde-complete: 404
    at <unknown> (.next/server/app/pokemon/[name]/page.js:1:716)
Error loading Pokémon data: Error: Failed to fetch Pokemon species data for name: castform-snowy: 404
    at <unknown> (.next/server/app/pokemon/[name]/[game]/[dex]/page.js:2:7688)
Error generating metadata: Error: Failed to fetch Pokemon species data for name: castform-snowy: 404
    at <unknown> (.next/server/app/pokemon/[name]/[game]/[dex]/page.js:2:7688)
Error loading Pokemon: Error: Failed to fetch Pokemon species data for name: zygarde-10: 404
    at <unknown> (.next/server/app/pokemon/[name]/page.js:1:716)
Error loading Pokémon data: Error: Failed to fetch Pokemon species data for name: gourgeist-small: 404
    at <unknown> (.next/server/app/pokemon/[name]/[game]/[dex]/page.js:2:7688)
Error generating metadata: Error: Failed to fetch Pokemon species data for name: gourgeist-small: 404
    at <unknown> (.next/server/app/pokemon/[name]/[game]/[dex]/page.js:2:7688)
Error loading Pokémon data: Error: Failed to fetch Pokemon species data for name: gourgeist-large: 404
    at <unknown> (.next/server/app/pokemon/[name]/[game]/[dex]/page.js:2:7688)
Error generating metadata: Error: Failed to fetch Pokemon species data for name: gourgeist-large: 404
    at <unknown> (.next/server/app/pokemon/[name]/[game]/[dex]/page.js:2:7688)
Error loading Pokémon data: Error: Failed to fetch Pokemon species data for name: gourgeist-super: 404
    at <unknown> (.next/server/app/pokemon/[name]/[game]/[dex]/page.js:2:7688)
Error generating metadata: Error: Failed to fetch Pokemon species data for name: gourgeist-super: 404
    at <unknown> (.next/server/app/pokemon/[name]/[game]/[dex]/page.js:2:7688)
Error loading Pokémon data: Error: Failed to fetch Pokemon species data for name: dialga-origin: 404
    at <unknown> (.next/server/app/pokemon/[name]/[game]/[dex]/page.js:2:7688)
Error generating metadata: Error: Failed to fetch Pokemon species data for name: dialga-origin: 404
    at <unknown> (.next/server/app/pokemon/[name]/[game]/[dex]/page.js:2:7688)
Error loading Pokémon data: Error: Failed to fetch Pokemon species data for name: palkia-origin: 404
    at <unknown> (.next/server/app/pokemon/[name]/[game]/[dex]/page.js:2:7688)
Error generating metadata: Error: Failed to fetch Pokemon species data for name: palkia-origin: 404
    at <unknown> (.next/server/app/pokemon/[name]/[game]/[dex]/page.js:2:7688)
Error loading Pokemon: Error: Failed to fetch Pokemon species data for name: rockruff-own-tempo: 404
    at <unknown> (.next/server/app/pokemon/[name]/page.js:1:716)
Error loading Pokemon: Error: Failed to fetch Pokemon species data for name: minior-orange-meteor: 404
    at <unknown> (.next/server/app/pokemon/[name]/page.js:1:716)
Error loading Pokemon: Error: Failed to fetch Pokemon species data for name: minior-blue-meteor: 404
    at <unknown> (.next/server/app/pokemon/[name]/page.js:1:716)
Error loading Pokemon: Error: Failed to fetch Pokemon species data for name: minior-green-meteor: 404
    at <unknown> (.next/server/app/pokemon/[name]/page.js:1:716)
Error loading Pokemon: Error: Failed to fetch Pokemon species data for name: minior-indigo-meteor: 404
    at <unknown> (.next/server/app/pokemon/[name]/page.js:1:716)
Error loading Pokemon: Error: Failed to fetch Pokemon species data for name: minior-yellow-meteor: 404
    at <unknown> (.next/server/app/pokemon/[name]/page.js:1:716)
Error loading Pokemon: Error: Failed to fetch Pokemon species data for name: minior-violet-meteor: 404
    at <unknown> (.next/server/app/pokemon/[name]/page.js:1:716)
Error loading Pokemon: Error: Failed to fetch Pokemon species data for name: minior-red: 404
    at <unknown> (.next/server/app/pokemon/[name]/page.js:1:716)
Error loading Pokemon: Error: Failed to fetch Pokemon species data for name: minior-orange: 404
    at <unknown> (.next/server/app/pokemon/[name]/page.js:1:716)
Error loading Pokemon: Error: Failed to fetch Pokemon species data for name: minior-yellow: 404
    at <unknown> (.next/server/app/pokemon/[name]/page.js:1:716)
Error loading Pokemon: Error: Failed to fetch Pokemon species data for name: minior-blue: 404
    at <unknown> (.next/server/app/pokemon/[name]/page.js:1:716)
Error loading Pokémon data: Error: Failed to fetch Pokemon species data for name: pikachu-pop-star: 404
    at <unknown> (.next/server/app/pokemon/[name]/[game]/[dex]/page.js:2:7688)
Error generating metadata: Error: Failed to fetch Pokemon species data for name: pikachu-pop-star: 404
    at <unknown> (.next/server/app/pokemon/[name]/[game]/[dex]/page.js:2:7688)
Error loading Pokémon data: Error: Failed to fetch Pokemon species data for name: pikachu-phd: 404
    at <unknown> (.next/server/app/pokemon/[name]/[game]/[dex]/page.js:2:7688)
Error generating metadata: Error: Failed to fetch Pokemon species data for name: pikachu-phd: 404
    at <unknown> (.next/server/app/pokemon/[name]/[game]/[dex]/page.js:2:7688)
Error loading Pokémon data: Error: Failed to fetch Pokemon species data for name: pikachu-belle: 404
    at <unknown> (.next/server/app/pokemon/[name]/[game]/[dex]/page.js:2:7688)
Error generating metadata: Error: Failed to fetch Pokemon species data for name: pikachu-belle: 404
    at <unknown> (.next/server/app/pokemon/[name]/[game]/[dex]/page.js:2:7688)
Error loading Pokémon data: Error: Failed to fetch Pokemon species data for name: pikachu-rock-star: 404
    at <unknown> (.next/server/app/pokemon/[name]/[game]/[dex]/page.js:2:7688)
Error generating metadata: Error: Failed to fetch Pokemon species data for name: pikachu-rock-star: 404
    at <unknown> (.next/server/app/pokemon/[name]/[game]/[dex]/page.js:2:7688)
Error loading Pokémon data: Error: Failed to fetch Pokemon species data for name: pikachu-original-cap: 404
    at <unknown> (.next/server/app/pokemon/[name]/[game]/[dex]/page.js:2:7688)
Error generating metadata: Error: Failed to fetch Pokemon species data for name: pikachu-original-cap: 404
    at <unknown> (.next/server/app/pokemon/[name]/[game]/[dex]/page.js:2:7688)
Error loading Pokémon data: Error: Failed to fetch Pokemon species data for name: pikachu-libre: 404
    at <unknown> (.next/server/app/pokemon/[name]/[game]/[dex]/page.js:2:7688)
Error generating metadata: Error: Failed to fetch Pokemon species data for name: pikachu-libre: 404
    at <unknown> (.next/server/app/pokemon/[name]/[game]/[dex]/page.js:2:7688)
Error loading Pokémon data: Error: Failed to fetch Pokemon species data for name: mimikyu-busted: 404
    at <unknown> (.next/server/app/pokemon/[name]/[game]/[dex]/page.js:2:7688)
Error generating metadata: Error: Failed to fetch Pokemon species data for name: mimikyu-busted: 404
    at <unknown> (.next/server/app/pokemon/[name]/[game]/[dex]/page.js:2:7688)
Error loading Pokémon data: Error: Failed to fetch Pokemon species data for name: pikachu-cosplay: 404
    at <unknown> (.next/server/app/pokemon/[name]/[game]/[dex]/page.js:2:7688)
Error generating metadata: Error: Failed to fetch Pokemon species data for name: pikachu-cosplay: 404
    at <unknown> (.next/server/app/pokemon/[name]/[game]/[dex]/page.js:2:7688)
Error loading Pokémon data: Error: Failed to fetch Pokemon species data for name: mimikyu-totem: 404
    at <unknown> (.next/server/app/pokemon/[name]/[game]/[dex]/page.js:2:7688)
Error generating metadata: Error: Failed to fetch Pokemon species data for name: mimikyu-totem: 404
    at <unknown> (.next/server/app/pokemon/[name]/[game]/[dex]/page.js:2:7688)
Error loading Pokémon data: Error: Failed to fetch Pokemon species data for name: pikachu-sinnoh-cap: 404
    at <unknown> (.next/server/app/pokemon/[name]/[game]/[dex]/page.js:2:7688)
Error generating metadata: Error: Failed to fetch Pokemon species data for name: pikachu-sinnoh-cap: 404
    at <unknown> (.next/server/app/pokemon/[name]/[game]/[dex]/page.js:2:7688)
Error loading Pokémon data: Error: Failed to fetch Pokemon species data for name: pikachu-alola-cap: 404
    at <unknown> (.next/server/app/pokemon/[name]/[game]/[dex]/page.js:2:7688)
Error generating metadata: Error: Failed to fetch Pokemon species data for name: pikachu-alola-cap: 404
    at <unknown> (.next/server/app/pokemon/[name]/[game]/[dex]/page.js:2:7688)
Error loading Pokémon data: Error: Failed to fetch Pokemon species data for name: pikachu-unova-cap: 404
    at <unknown> (.next/server/app/pokemon/[name]/[game]/[dex]/page.js:2:7688)
Error generating metadata: Error: Failed to fetch Pokemon species data for name: pikachu-unova-cap: 404
    at <unknown> (.next/server/app/pokemon/[name]/[game]/[dex]/page.js:2:7688)
Error loading Pokémon data: Error: Failed to fetch Pokemon species data for name: mimikyu-totem-busted: 404
    at <unknown> (.next/server/app/pokemon/[name]/[game]/[dex]/page.js:2:7688)
Error generating metadata: Error: Failed to fetch Pokemon species data for name: mimikyu-totem-busted: 404
    at <unknown> (.next/server/app/pokemon/[name]/[game]/[dex]/page.js:2:7688)
Error loading Pokemon: Error: Failed to fetch Pokemon species data for name: minior-indigo: 404
    at <unknown> (.next/server/app/pokemon/[name]/page.js:1:716)
Error loading Pokémon data: Error: Failed to fetch Pokemon species data for name: pikachu-world-cap: 404
    at <unknown> (.next/server/app/pokemon/[name]/[game]/[dex]/page.js:2:7688)
Error generating metadata: Error: Failed to fetch Pokemon species data for name: pikachu-world-cap: 404
    at <unknown> (.next/server/app/pokemon/[name]/[game]/[dex]/page.js:2:7688)
Error loading Pokémon data: Error: Failed to fetch Pokemon species data for name: pikachu-starter: 404
    at <unknown> (.next/server/app/pokemon/[name]/[game]/[dex]/page.js:2:7688)
Error generating metadata: Error: Failed to fetch Pokemon species data for name: pikachu-starter: 404
    at <unknown> (.next/server/app/pokemon/[name]/[game]/[dex]/page.js:2:7688)
Error loading Pokémon data: Error: Failed to fetch Pokemon species data for name: pikachu-partner-cap: 404
    at <unknown> (.next/server/app/pokemon/[name]/[game]/[dex]/page.js:2:7688)
Error generating metadata: Error: Failed to fetch Pokemon species data for name: pikachu-partner-cap: 404
    at <unknown> (.next/server/app/pokemon/[name]/[game]/[dex]/page.js:2:7688)
Error loading Pokemon: Error: Failed to fetch Pokemon species data for name: minior-violet: 404
    at <unknown> (.next/server/app/pokemon/[name]/page.js:1:716)
Error loading Pokemon: Error: Failed to fetch Pokemon species data for name: minior-green: 404
    at <unknown> (.next/server/app/pokemon/[name]/page.js:1:716)
Error loading Pokemon: Error: Failed to fetch Pokemon species data for name: mimikyu-busted: 404
    at <unknown> (.next/server/app/pokemon/[name]/page.js:1:716)
Error loading Pokemon: Error: Failed to fetch Pokemon species data for name: mimikyu-totem-busted: 404
    at <unknown> (.next/server/app/pokemon/[name]/page.js:1:716)
Error loading Pokemon: Error: Failed to fetch Pokemon species data for name: mimikyu-totem: 404
    at <unknown> (.next/server/app/pokemon/[name]/page.js:1:716)
Error loading Pokémon data: Error: Failed to fetch Pokemon species data for name: eevee-starter: 404
    at <unknown> (.next/server/app/pokemon/[name]/[game]/[dex]/page.js:2:7688)
Error generating metadata: Error: Failed to fetch Pokemon species data for name: eevee-starter: 404
    at <unknown> (.next/server/app/pokemon/[name]/[game]/[dex]/page.js:2:7688)
Error loading Pokémon data: Error: Failed to fetch Pokemon species data for name: necrozma-ultra: 404
    at <unknown> (.next/server/app/pokemon/[name]/[game]/[dex]/page.js:2:7688)
Error generating metadata: Error: Failed to fetch Pokemon species data for name: necrozma-ultra: 404
    at <unknown> (.next/server/app/pokemon/[name]/[game]/[dex]/page.js:2:7688)
Error loading Pokémon data: Error: Failed to fetch Pokemon species data for name: necrozma-dawn: 404
    at <unknown> (.next/server/app/pokemon/[name]/[game]/[dex]/page.js:2:7688)
Error generating metadata: Error: Failed to fetch Pokemon species data for name: necrozma-dawn: 404
    at <unknown> (.next/server/app/pokemon/[name]/[game]/[dex]/page.js:2:7688)
Error loading Pokémon data: Error: Failed to fetch Pokemon species data for name: necrozma-dawn: 404
    at <unknown> (.next/server/app/pokemon/[name]/[game]/[dex]/page.js:2:7688)
Error generating metadata: Error: Failed to fetch Pokemon species data for name: necrozma-dawn: 404
    at <unknown> (.next/server/app/pokemon/[name]/[game]/[dex]/page.js:2:7688)
Error loading Pokémon data: Error: Failed to fetch Pokemon species data for name: necrozma-ultra: 404
    at <unknown> (.next/server/app/pokemon/[name]/[game]/[dex]/page.js:2:7688)
Error generating metadata: Error: Failed to fetch Pokemon species data for name: necrozma-ultra: 404
    at <unknown> (.next/server/app/pokemon/[name]/[game]/[dex]/page.js:2:7688)
Error loading Pokémon data: Error: Failed to fetch Pokemon species data for name: basculin-blue-striped: 404
    at <unknown> (.next/server/app/pokemon/[name]/[game]/[dex]/page.js:2:7688)
Error generating metadata: Error: Failed to fetch Pokemon species data for name: basculin-blue-striped: 404
    at <unknown> (.next/server/app/pokemon/[name]/[game]/[dex]/page.js:2:7688)
Error loading Pokémon data: Error: Failed to fetch Pokemon species data for name: basculin-white-striped: 404
    at <unknown> (.next/server/app/pokemon/[name]/[game]/[dex]/page.js:2:7688)
Error generating metadata: Error: Failed to fetch Pokemon species data for name: basculin-white-striped: 404
    at <unknown> (.next/server/app/pokemon/[name]/[game]/[dex]/page.js:2:7688)
Error loading Pokémon data: Error: Failed to fetch Pokemon species data for name: darmanitan-zen: 404
    at <unknown> (.next/server/app/pokemon/[name]/[game]/[dex]/page.js:2:7688)
Error generating metadata: Error: Failed to fetch Pokemon species data for name: darmanitan-zen: 404
    at <unknown> (.next/server/app/pokemon/[name]/[game]/[dex]/page.js:2:7688)
Error loading Pokémon data: Error: Failed to fetch Pokemon species data for name: darmanitan-galar: 404
    at <unknown> (.next/server/app/pokemon/[name]/[game]/[dex]/page.js:2:7688)
Error generating metadata: Error: Failed to fetch Pokemon species data for name: darmanitan-galar: 404
    at <unknown> (.next/server/app/pokemon/[name]/[game]/[dex]/page.js:2:7688)
Error loading Pokémon data: Error: Failed to fetch Pokemon species data for name: darmanitan-galar-zen: 404
    at <unknown> (.next/server/app/pokemon/[name]/[game]/[dex]/page.js:2:7688)
Error generating metadata: Error: Failed to fetch Pokemon species data for name: darmanitan-galar-zen: 404
    at <unknown> (.next/server/app/pokemon/[name]/[game]/[dex]/page.js:2:7688)
Error loading Pokémon data: Error: Failed to fetch Pokemon species data for name: magearna-original: 404
    at <unknown> (.next/server/app/pokemon/[name]/[game]/[dex]/page.js:2:7688)
Error generating metadata: Error: Failed to fetch Pokemon species data for name: magearna-original: 404
    at <unknown> (.next/server/app/pokemon/[name]/[game]/[dex]/page.js:2:7688)
Error loading Pokemon: Error: Failed to fetch Pokemon species data for name: necrozma-ultra: 404
    at <unknown> (.next/server/app/pokemon/[name]/page.js:1:716)
Error loading Pokemon: Error: Failed to fetch Pokemon species data for name: necrozma-dawn: 404
    at <unknown> (.next/server/app/pokemon/[name]/page.js:1:716)
Error loading Pokemon: Error: Failed to fetch Pokemon species data for name: magearna-original: 404
    at <unknown> (.next/server/app/pokemon/[name]/page.js:1:716)
Error loading Pokémon data: Error: Failed to fetch Pokemon species data for name: magearna-original: 404
    at <unknown> (.next/server/app/pokemon/[name]/[game]/[dex]/page.js:2:7688)
Error generating metadata: Error: Failed to fetch Pokemon species data for name: magearna-original: 404
    at <unknown> (.next/server/app/pokemon/[name]/[game]/[dex]/page.js:2:7688)
Error loading Pokémon data: Error: Failed to fetch Pokemon species data for name: calyrex-shadow: 404
    at <unknown> (.next/server/app/pokemon/[name]/[game]/[dex]/page.js:2:7688)
Error generating metadata: Error: Failed to fetch Pokemon species data for name: calyrex-shadow: 404
    at <unknown> (.next/server/app/pokemon/[name]/[game]/[dex]/page.js:2:7688)
Error loading Pokémon data: Error: Failed to fetch Pokemon species data for name: pikachu-pop-star: 404
    at <unknown> (.next/server/app/pokemon/[name]/[game]/[dex]/page.js:2:7688)
Error generating metadata: Error: Failed to fetch Pokemon species data for name: pikachu-pop-star: 404
    at <unknown> (.next/server/app/pokemon/[name]/[game]/[dex]/page.js:2:7688)
Error loading Pokémon data: Error: Failed to fetch Pokemon species data for name: pikachu-rock-star: 404
    at <unknown> (.next/server/app/pokemon/[name]/[game]/[dex]/page.js:2:7688)
Error generating metadata: Error: Failed to fetch Pokemon species data for name: pikachu-rock-star: 404
    at <unknown> (.next/server/app/pokemon/[name]/[game]/[dex]/page.js:2:7688)
Error loading Pokémon data: Error: Failed to fetch Pokemon species data for name: pikachu-belle: 404
    at <unknown> (.next/server/app/pokemon/[name]/[game]/[dex]/page.js:2:7688)
Error generating metadata: Error: Failed to fetch Pokemon species data for name: pikachu-belle: 404
    at <unknown> (.next/server/app/pokemon/[name]/[game]/[dex]/page.js:2:7688)
Error loading Pokémon data: Error: Failed to fetch Pokemon species data for name: pikachu-phd: 404
    at <unknown> (.next/server/app/pokemon/[name]/[game]/[dex]/page.js:2:7688)
Error generating metadata: Error: Failed to fetch Pokemon species data for name: pikachu-phd: 404
    at <unknown> (.next/server/app/pokemon/[name]/[game]/[dex]/page.js:2:7688)
Error loading Pokémon data: Error: Failed to fetch Pokemon species data for name: pikachu-original-cap: 404
    at <unknown> (.next/server/app/pokemon/[name]/[game]/[dex]/page.js:2:7688)
Error generating metadata: Error: Failed to fetch Pokemon species data for name: pikachu-original-cap: 404
    at <unknown> (.next/server/app/pokemon/[name]/[game]/[dex]/page.js:2:7688)
Error loading Pokémon data: Error: Failed to fetch Pokemon species data for name: pikachu-cosplay: 404
    at <unknown> (.next/server/app/pokemon/[name]/[game]/[dex]/page.js:2:7688)
Error generating metadata: Error: Failed to fetch Pokemon species data for name: pikachu-cosplay: 404
    at <unknown> (.next/server/app/pokemon/[name]/[game]/[dex]/page.js:2:7688)
Error loading Pokémon data: Error: Failed to fetch Pokemon species data for name: pikachu-libre: 404
    at <unknown> (.next/server/app/pokemon/[name]/[game]/[dex]/page.js:2:7688)
Error generating metadata: Error: Failed to fetch Pokemon species data for name: pikachu-libre: 404
    at <unknown> (.next/server/app/pokemon/[name]/[game]/[dex]/page.js:2:7688)
Error loading Pokémon data: Error: Failed to fetch Pokemon species data for name: pikachu-alola-cap: 404
    at <unknown> (.next/server/app/pokemon/[name]/[game]/[dex]/page.js:2:7688)
Error generating metadata: Error: Failed to fetch Pokemon species data for name: pikachu-alola-cap: 404
    at <unknown> (.next/server/app/pokemon/[name]/[game]/[dex]/page.js:2:7688)
Error loading Pokémon data: Error: Failed to fetch Pokemon species data for name: pikachu-unova-cap: 404
    at <unknown> (.next/server/app/pokemon/[name]/[game]/[dex]/page.js:2:7688)
Error generating metadata: Error: Failed to fetch Pokemon species data for name: pikachu-unova-cap: 404
    at <unknown> (.next/server/app/pokemon/[name]/[game]/[dex]/page.js:2:7688)
Error loading Pokémon data: Error: Failed to fetch Pokemon species data for name: pikachu-sinnoh-cap: 404
    at <unknown> (.next/server/app/pokemon/[name]/[game]/[dex]/page.js:2:7688)
Error generating metadata: Error: Failed to fetch Pokemon species data for name: pikachu-sinnoh-cap: 404
    at <unknown> (.next/server/app/pokemon/[name]/[game]/[dex]/page.js:2:7688)
Error loading Pokémon data: Error: Failed to fetch Pokemon species data for name: pikachu-world-cap: 404
    at <unknown> (.next/server/app/pokemon/[name]/[game]/[dex]/page.js:2:7688)
Error generating metadata: Error: Failed to fetch Pokemon species data for name: pikachu-world-cap: 404
    at <unknown> (.next/server/app/pokemon/[name]/[game]/[dex]/page.js:2:7688)
Error loading Pokémon data: Error: Failed to fetch Pokemon species data for name: pikachu-starter: 404
    at <unknown> (.next/server/app/pokemon/[name]/[game]/[dex]/page.js:2:7688)
Error generating metadata: Error: Failed to fetch Pokemon species data for name: pikachu-starter: 404
    at <unknown> (.next/server/app/pokemon/[name]/[game]/[dex]/page.js:2:7688)
Error loading Pokémon data: Error: Failed to fetch Pokemon species data for name: pikachu-partner-cap: 404
    at <unknown> (.next/server/app/pokemon/[name]/[game]/[dex]/page.js:2:7688)
Error generating metadata: Error: Failed to fetch Pokemon species data for name: pikachu-partner-cap: 404
    at <unknown> (.next/server/app/pokemon/[name]/[game]/[dex]/page.js:2:7688)
Error loading Pokémon data: Error: Failed to fetch Pokemon species data for name: wormadam-sandy: 404
    at <unknown> (.next/server/app/pokemon/[name]/[game]/[dex]/page.js:2:7688)
Error generating metadata: Error: Failed to fetch Pokemon species data for name: wormadam-sandy: 404
    at <unknown> (.next/server/app/pokemon/[name]/[game]/[dex]/page.js:2:7688)
Error loading Pokémon data: Error: Failed to fetch Pokemon species data for name: wormadam-trash: 404
    at <unknown> (.next/server/app/pokemon/[name]/[game]/[dex]/page.js:2:7688)
Error generating metadata: Error: Failed to fetch Pokemon species data for name: wormadam-trash: 404
    at <unknown> (.next/server/app/pokemon/[name]/[game]/[dex]/page.js:2:7688)
Error loading Pokémon data: Error: Failed to fetch Pokemon species data for name: raticate-totem: 404
    at <unknown> (.next/server/app/pokemon/[name]/[game]/[dex]/page.js:2:7688)
Error generating metadata: Error: Failed to fetch Pokemon species data for name: raticate-totem: 404
    at <unknown> (.next/server/app/pokemon/[name]/[game]/[dex]/page.js:2:7688)
Error loading Pokémon data: Error: Failed to fetch Pokemon species data for name: pikachu-rock-star: 404
    at <unknown> (.next/server/app/pokemon/[name]/[game]/[dex]/page.js:2:7688)
Error generating metadata: Error: Failed to fetch Pokemon species data for name: pikachu-rock-star: 404
    at <unknown> (.next/server/app/pokemon/[name]/[game]/[dex]/page.js:2:7688)
Error loading Pokémon data: Error: Failed to fetch Pokemon species data for name: pikachu-pop-star: 404
    at <unknown> (.next/server/app/pokemon/[name]/[game]/[dex]/page.js:2:7688)
Error generating metadata: Error: Failed to fetch Pokemon species data for name: pikachu-pop-star: 404
    at <unknown> (.next/server/app/pokemon/[name]/[game]/[dex]/page.js:2:7688)
Error loading Pokémon data: Error: Failed to fetch Pokemon species data for name: pikachu-phd: 404
    at <unknown> (.next/server/app/pokemon/[name]/[game]/[dex]/page.js:2:7688)
Error generating metadata: Error: Failed to fetch Pokemon species data for name: pikachu-phd: 404
    at <unknown> (.next/server/app/pokemon/[name]/[game]/[dex]/page.js:2:7688)
Error loading Pokémon data: Error: Failed to fetch Pokemon species data for name: pikachu-belle: 404
    at <unknown> (.next/server/app/pokemon/[name]/[game]/[dex]/page.js:2:7688)
Error generating metadata: Error: Failed to fetch Pokemon species data for name: pikachu-belle: 404
    at <unknown> (.next/server/app/pokemon/[name]/[game]/[dex]/page.js:2:7688)
Error loading Pokémon data: Error: Failed to fetch Pokemon species data for name: pikachu-libre: 404
    at <unknown> (.next/server/app/pokemon/[name]/[game]/[dex]/page.js:2:7688)
Error generating metadata: Error: Failed to fetch Pokemon species data for name: pikachu-libre: 404
    at <unknown> (.next/server/app/pokemon/[name]/[game]/[dex]/page.js:2:7688)
Error loading Pokémon data: Error: Failed to fetch Pokemon species data for name: pikachu-sinnoh-cap: 404
    at <unknown> (.next/server/app/pokemon/[name]/[game]/[dex]/page.js:2:7688)
Error generating metadata: Error: Failed to fetch Pokemon species data for name: pikachu-sinnoh-cap: 404
    at <unknown> (.next/server/app/pokemon/[name]/[game]/[dex]/page.js:2:7688)
Error loading Pokémon data: Error: Failed to fetch Pokemon species data for name: pikachu-cosplay: 404
    at <unknown> (.next/server/app/pokemon/[name]/[game]/[dex]/page.js:2:7688)
Error generating metadata: Error: Failed to fetch Pokemon species data for name: pikachu-cosplay: 404
    at <unknown> (.next/server/app/pokemon/[name]/[game]/[dex]/page.js:2:7688)
Error loading Pokémon data: Error: Failed to fetch Pokemon species data for name: pikachu-original-cap: 404
    at <unknown> (.next/server/app/pokemon/[name]/[game]/[dex]/page.js:2:7688)
Error generating metadata: Error: Failed to fetch Pokemon species data for name: pikachu-original-cap: 404
    at <unknown> (.next/server/app/pokemon/[name]/[game]/[dex]/page.js:2:7688)
Error loading Pokémon data: Error: Failed to fetch Pokemon species data for name: pikachu-partner-cap: 404
    at <unknown> (.next/server/app/pokemon/[name]/[game]/[dex]/page.js:2:7688)
Error generating metadata: Error: Failed to fetch Pokemon species data for name: pikachu-partner-cap: 404
    at <unknown> (.next/server/app/pokemon/[name]/[game]/[dex]/page.js:2:7688)
Error loading Pokémon data: Error: Failed to fetch Pokemon species data for name: pikachu-unova-cap: 404
    at <unknown> (.next/server/app/pokemon/[name]/[game]/[dex]/page.js:2:7688)
Error generating metadata: Error: Failed to fetch Pokemon species data for name: pikachu-unova-cap: 404
    at <unknown> (.next/server/app/pokemon/[name]/[game]/[dex]/page.js:2:7688)
Error loading Pokémon data: Error: Failed to fetch Pokemon species data for name: pikachu-alola-cap: 404
    at <unknown> (.next/server/app/pokemon/[name]/[game]/[dex]/page.js:2:7688)
Error generating metadata: Error: Failed to fetch Pokemon species data for name: pikachu-alola-cap: 404
    at <unknown> (.next/server/app/pokemon/[name]/[game]/[dex]/page.js:2:7688)
Error loading Pokémon data: Error: Failed to fetch Pokemon species data for name: pikachu-world-cap: 404
    at <unknown> (.next/server/app/pokemon/[name]/[game]/[dex]/page.js:2:7688)
Error generating metadata: Error: Failed to fetch Pokemon species data for name: pikachu-world-cap: 404
    at <unknown> (.next/server/app/pokemon/[name]/[game]/[dex]/page.js:2:7688)
Error loading Pokémon data: Error: Failed to fetch Pokemon species data for name: pikachu-starter: 404
    at <unknown> (.next/server/app/pokemon/[name]/[game]/[dex]/page.js:2:7688)
Error generating metadata: Error: Failed to fetch Pokemon species data for name: pikachu-starter: 404
    at <unknown> (.next/server/app/pokemon/[name]/[game]/[dex]/page.js:2:7688)
Error loading Pokémon data: Error: Failed to fetch Pokemon species data for name: thundurus-therian: 404
    at <unknown> (.next/server/app/pokemon/[name]/[game]/[dex]/page.js:2:7688)
Error generating metadata: Error: Failed to fetch Pokemon species data for name: thundurus-therian: 404
    at <unknown> (.next/server/app/pokemon/[name]/[game]/[dex]/page.js:2:7688)
Error loading Pokémon data: Error: Failed to fetch Pokemon species data for name: tornadus-therian: 404
    at <unknown> (.next/server/app/pokemon/[name]/[game]/[dex]/page.js:2:7688)
Error generating metadata: Error: Failed to fetch Pokemon species data for name: tornadus-therian: 404
    at <unknown> (.next/server/app/pokemon/[name]/[game]/[dex]/page.js:2:7688)
Error loading Pokémon data: Error: Failed to fetch Pokemon species data for name: landorus-therian: 404
    at <unknown> (.next/server/app/pokemon/[name]/[game]/[dex]/page.js:2:7688)
Error generating metadata: Error: Failed to fetch Pokemon species data for name: landorus-therian: 404
    at <unknown> (.next/server/app/pokemon/[name]/[game]/[dex]/page.js:2:7688)
Error loading Pokémon data: Error: Failed to fetch Pokemon species data for name: kyurem-black: 404
    at <unknown> (.next/server/app/pokemon/[name]/[game]/[dex]/page.js:2:7688)
Error generating metadata: Error: Failed to fetch Pokemon species data for name: kyurem-black: 404
    at <unknown> (.next/server/app/pokemon/[name]/[game]/[dex]/page.js:2:7688)
Error loading Pokémon data: Error: Failed to fetch Pokemon species data for name: kyurem-white: 404
    at <unknown> (.next/server/app/pokemon/[name]/[game]/[dex]/page.js:2:7688)
Error generating metadata: Error: Failed to fetch Pokemon species data for name: kyurem-white: 404
    at <unknown> (.next/server/app/pokemon/[name]/[game]/[dex]/page.js:2:7688)
Error loading Pokémon data: Error: Failed to fetch Pokemon species data for name: maushold-family-of-three: 404
    at <unknown> (.next/server/app/pokemon/[name]/[game]/[dex]/page.js:2:7688)
Error generating metadata: Error: Failed to fetch Pokemon species data for name: maushold-family-of-three: 404
    at <unknown> (.next/server/app/pokemon/[name]/[game]/[dex]/page.js:2:7688)
Error loading Pokémon data: Error: Failed to fetch Pokemon species data for name: meloetta-pirouette: 404
    at <unknown> (.next/server/app/pokemon/[name]/[game]/[dex]/page.js:2:7688)
Error generating metadata: Error: Failed to fetch Pokemon species data for name: meloetta-pirouette: 404
    at <unknown> (.next/server/app/pokemon/[name]/[game]/[dex]/page.js:2:7688)
Error loading Pokémon data: Error: Failed to fetch Pokemon species data for name: keldeo-resolute: 404
    at <unknown> (.next/server/app/pokemon/[name]/[game]/[dex]/page.js:2:7688)
Error generating metadata: Error: Failed to fetch Pokemon species data for name: keldeo-resolute: 404
    at <unknown> (.next/server/app/pokemon/[name]/[game]/[dex]/page.js:2:7688)
Error loading Pokémon data: Error: Failed to fetch Pokemon species data for name: cramorant-gorging: 404
    at <unknown> (.next/server/app/pokemon/[name]/[game]/[dex]/page.js:2:7688)
Error generating metadata: Error: Failed to fetch Pokemon species data for name: cramorant-gorging: 404
    at <unknown> (.next/server/app/pokemon/[name]/[game]/[dex]/page.js:2:7688)
Error loading Pokémon data: Error: Failed to fetch Pokemon species data for name: cramorant-gulping: 404
    at <unknown> (.next/server/app/pokemon/[name]/[game]/[dex]/page.js:2:7688)
Error generating metadata: Error: Failed to fetch Pokemon species data for name: cramorant-gulping: 404
    at <unknown> (.next/server/app/pokemon/[name]/[game]/[dex]/page.js:2:7688)
Error loading Pokémon data: Error: Failed to fetch Pokemon species data for name: toxtricity-low-key: 404
    at <unknown> (.next/server/app/pokemon/[name]/[game]/[dex]/page.js:2:7688)
Error generating metadata: Error: Failed to fetch Pokemon species data for name: toxtricity-low-key: 404
    at <unknown> (.next/server/app/pokemon/[name]/[game]/[dex]/page.js:2:7688)
Error loading Pokemon: Error: Failed to fetch Pokemon species data for name: cramorant-gulping: 404
    at <unknown> (.next/server/app/pokemon/[name]/page.js:1:716)
Error loading Pokémon data: Error: Failed to fetch Pokemon species data for name: toxtricity-amped: 404
    at <unknown> (.next/server/app/pokemon/[name]/[game]/[dex]/page.js:2:7688)
Error generating metadata: Error: Failed to fetch Pokemon species data for name: toxtricity-amped: 404
    at <unknown> (.next/server/app/pokemon/[name]/[game]/[dex]/page.js:2:7688)
Error loading Pokémon data: Error: Failed to fetch Pokemon species data for name: toxtricity-low-key: 404
    at <unknown> (.next/server/app/pokemon/[name]/[game]/[dex]/page.js:2:7688)
Error generating metadata: Error: Failed to fetch Pokemon species data for name: toxtricity-low-key: 404
    at <unknown> (.next/server/app/pokemon/[name]/[game]/[dex]/page.js:2:7688)
Error loading Pokemon: Error: Failed to fetch Pokemon species data for name: cramorant-gorging: 404
    at <unknown> (.next/server/app/pokemon/[name]/page.js:1:716)
Error loading Pokemon: Error: Failed to fetch Pokemon species data for name: toxtricity-amped: 404
    at <unknown> (.next/server/app/pokemon/[name]/page.js:1:716)
Error loading Pokemon: Error: Failed to fetch Pokemon species data for name: toxtricity-low-key: 404
    at <unknown> (.next/server/app/pokemon/[name]/page.js:1:716)
Error loading Pokemon: Error: Failed to fetch Pokemon species data for name: toxtricity-low-key: 404
    at <unknown> (.next/server/app/pokemon/[name]/page.js:1:716)
Error loading Pokémon data: Error: Failed to fetch Pokemon species data for name: raticate-totem: 404
    at <unknown> (.next/server/app/pokemon/[name]/[game]/[dex]/page.js:2:7688)
Error generating metadata: Error: Failed to fetch Pokemon species data for name: raticate-totem: 404
    at <unknown> (.next/server/app/pokemon/[name]/[game]/[dex]/page.js:2:7688)
Error loading Pokémon data: Error: Failed to fetch Pokemon species data for name: pikachu-belle: 404
    at <unknown> (.next/server/app/pokemon/[name]/[game]/[dex]/page.js:2:7688)
Error generating metadata: Error: Failed to fetch Pokemon species data for name: pikachu-belle: 404
    at <unknown> (.next/server/app/pokemon/[name]/[game]/[dex]/page.js:2:7688)
Error loading Pokémon data: Error: Failed to fetch Pokemon species data for name: pikachu-rock-star: 404
    at <unknown> (.next/server/app/pokemon/[name]/[game]/[dex]/page.js:2:7688)
Error generating metadata: Error: Failed to fetch Pokemon species data for name: pikachu-rock-star: 404
    at <unknown> (.next/server/app/pokemon/[name]/[game]/[dex]/page.js:2:7688)
Error loading Pokémon data: Error: Failed to fetch Pokemon species data for name: pikachu-phd: 404
    at <unknown> (.next/server/app/pokemon/[name]/[game]/[dex]/page.js:2:7688)
Error generating metadata: Error: Failed to fetch Pokemon species data for name: pikachu-phd: 404
    at <unknown> (.next/server/app/pokemon/[name]/[game]/[dex]/page.js:2:7688)
Error loading Pokémon data: Error: Failed to fetch Pokemon species data for name: pikachu-libre: 404
    at <unknown> (.next/server/app/pokemon/[name]/[game]/[dex]/page.js:2:7688)
Error generating metadata: Error: Failed to fetch Pokemon species data for name: pikachu-libre: 404
    at <unknown> (.next/server/app/pokemon/[name]/[game]/[dex]/page.js:2:7688)
Error loading Pokémon data: Error: Failed to fetch Pokemon species data for name: pikachu-pop-star: 404
    at <unknown> (.next/server/app/pokemon/[name]/[game]/[dex]/page.js:2:7688)
Error generating metadata: Error: Failed to fetch Pokemon species data for name: pikachu-pop-star: 404
    at <unknown> (.next/server/app/pokemon/[name]/[game]/[dex]/page.js:2:7688)
Error loading Pokémon data: Error: Failed to fetch Pokemon species data for name: pikachu-cosplay: 404
    at <unknown> (.next/server/app/pokemon/[name]/[game]/[dex]/page.js:2:7688)
Error generating metadata: Error: Failed to fetch Pokemon species data for name: pikachu-cosplay: 404
    at <unknown> (.next/server/app/pokemon/[name]/[game]/[dex]/page.js:2:7688)
Error loading Pokémon data: Error: Failed to fetch Pokemon species data for name: pikachu-unova-cap: 404
    at <unknown> (.next/server/app/pokemon/[name]/[game]/[dex]/page.js:2:7688)
Error generating metadata: Error: Failed to fetch Pokemon species data for name: pikachu-unova-cap: 404
    at <unknown> (.next/server/app/pokemon/[name]/[game]/[dex]/page.js:2:7688)
Error loading Pokémon data: Error: Failed to fetch Pokemon species data for name: pikachu-sinnoh-cap: 404
    at <unknown> (.next/server/app/pokemon/[name]/[game]/[dex]/page.js:2:7688)
Error generating metadata: Error: Failed to fetch Pokemon species data for name: pikachu-sinnoh-cap: 404
    at <unknown> (.next/server/app/pokemon/[name]/[game]/[dex]/page.js:2:7688)
Error loading Pokémon data: Error: Failed to fetch Pokemon species data for name: pikachu-original-cap: 404
    at <unknown> (.next/server/app/pokemon/[name]/[game]/[dex]/page.js:2:7688)
Error generating metadata: Error: Failed to fetch Pokemon species data for name: pikachu-original-cap: 404
    at <unknown> (.next/server/app/pokemon/[name]/[game]/[dex]/page.js:2:7688)
Error loading Pokémon data: Error: Failed to fetch Pokemon species data for name: pikachu-starter: 404
    at <unknown> (.next/server/app/pokemon/[name]/[game]/[dex]/page.js:2:7688)
Error generating metadata: Error: Failed to fetch Pokemon species data for name: pikachu-starter: 404
    at <unknown> (.next/server/app/pokemon/[name]/[game]/[dex]/page.js:2:7688)
Error loading Pokémon data: Error: Failed to fetch Pokemon species data for name: pikachu-partner-cap: 404
    at <unknown> (.next/server/app/pokemon/[name]/[game]/[dex]/page.js:2:7688)
Error generating metadata: Error: Failed to fetch Pokemon species data for name: pikachu-partner-cap: 404
    at <unknown> (.next/server/app/pokemon/[name]/[game]/[dex]/page.js:2:7688)
Error loading Pokémon data: Error: Failed to fetch Pokemon species data for name: pikachu-alola-cap: 404
    at <unknown> (.next/server/app/pokemon/[name]/[game]/[dex]/page.js:2:7688)
Error generating metadata: Error: Failed to fetch Pokemon species data for name: pikachu-alola-cap: 404
    at <unknown> (.next/server/app/pokemon/[name]/[game]/[dex]/page.js:2:7688)
Error loading Pokemon: Error: Failed to fetch Pokemon species data for name: alcremie-vanilla-cream-strawberry-sweet: 404
    at <unknown> (.next/server/app/pokemon/[name]/page.js:1:716)
Error loading Pokemon: Error: Failed to fetch Pokemon species data for name: alcremie-ruby-cream-strawberry-sweet: 404
    at <unknown> (.next/server/app/pokemon/[name]/page.js:1:716)
Error loading Pokémon data: Error: Failed to fetch Pokemon species data for name: pikachu-world-cap: 404
    at <unknown> (.next/server/app/pokemon/[name]/[game]/[dex]/page.js:2:7688)
Error generating metadata: Error: Failed to fetch Pokemon species data for name: pikachu-world-cap: 404
    at <unknown> (.next/server/app/pokemon/[name]/[game]/[dex]/page.js:2:7688)
Error loading Pokémon data: Error: Failed to fetch Pokemon species data for name: pikachu-belle: 404
    at <unknown> (.next/server/app/pokemon/[name]/[game]/[dex]/page.js:2:7688)
Error generating metadata: Error: Failed to fetch Pokemon species data for name: pikachu-belle: 404
    at <unknown> (.next/server/app/pokemon/[name]/[game]/[dex]/page.js:2:7688)
Error loading Pokémon data: Error: Failed to fetch Pokemon species data for name: pikachu-pop-star: 404
    at <unknown> (.next/server/app/pokemon/[name]/[game]/[dex]/page.js:2:7688)
Error generating metadata: Error: Failed to fetch Pokemon species data for name: pikachu-pop-star: 404
    at <unknown> (.next/server/app/pokemon/[name]/[game]/[dex]/page.js:2:7688)
Error loading Pokémon data: Error: Failed to fetch Pokemon species data for name: pikachu-rock-star: 404
    at <unknown> (.next/server/app/pokemon/[name]/[game]/[dex]/page.js:2:7688)
Error generating metadata: Error: Failed to fetch Pokemon species data for name: pikachu-rock-star: 404
    at <unknown> (.next/server/app/pokemon/[name]/[game]/[dex]/page.js:2:7688)
Error loading Pokémon data: Error: Failed to fetch Pokemon species data for name: squawkabilly-white-plumage: 404
    at <unknown> (.next/server/app/pokemon/[name]/[game]/[dex]/page.js:2:7688)
Error generating metadata: Error: Failed to fetch Pokemon species data for name: squawkabilly-white-plumage: 404
    at <unknown> (.next/server/app/pokemon/[name]/[game]/[dex]/page.js:2:7688)
Error loading Pokémon data: Error: Failed to fetch Pokemon species data for name: rotom-heat: 404
    at <unknown> (.next/server/app/pokemon/[name]/[game]/[dex]/page.js:2:7688)
Error generating metadata: Error: Failed to fetch Pokemon species data for name: rotom-heat: 404
    at <unknown> (.next/server/app/pokemon/[name]/[game]/[dex]/page.js:2:7688)
Error loading Pokémon data: Error: Failed to fetch Pokemon species data for name: squawkabilly-blue-plumage: 404
    at <unknown> (.next/server/app/pokemon/[name]/[game]/[dex]/page.js:2:7688)
Error generating metadata: Error: Failed to fetch Pokemon species data for name: squawkabilly-blue-plumage: 404
    at <unknown> (.next/server/app/pokemon/[name]/[game]/[dex]/page.js:2:7688)
Error loading Pokémon data: Error: Failed to fetch Pokemon species data for name: squawkabilly-yellow-plumage: 404
    at <unknown> (.next/server/app/pokemon/[name]/[game]/[dex]/page.js:2:7688)
Error generating metadata: Error: Failed to fetch Pokemon species data for name: squawkabilly-yellow-plumage: 404
    at <unknown> (.next/server/app/pokemon/[name]/[game]/[dex]/page.js:2:7688)
Error loading Pokémon data: Error: Failed to fetch Pokemon species data for name: rotom-fan: 404
    at <unknown> (.next/server/app/pokemon/[name]/[game]/[dex]/page.js:2:7688)
Error generating metadata: Error: Failed to fetch Pokemon species data for name: rotom-fan: 404
    at <unknown> (.next/server/app/pokemon/[name]/[game]/[dex]/page.js:2:7688)
Error loading Pokémon data: Error: Failed to fetch Pokemon species data for name: rotom-frost: 404
    at <unknown> (.next/server/app/pokemon/[name]/[game]/[dex]/page.js:2:7688)
Error generating metadata: Error: Failed to fetch Pokemon species data for name: rotom-frost: 404
    at <unknown> (.next/server/app/pokemon/[name]/[game]/[dex]/page.js:2:7688)
Error loading Pokémon data: Error: Failed to fetch Pokemon species data for name: rotom-wash: 404
    at <unknown> (.next/server/app/pokemon/[name]/[game]/[dex]/page.js:2:7688)
Error generating metadata: Error: Failed to fetch Pokemon species data for name: rotom-wash: 404
    at <unknown> (.next/server/app/pokemon/[name]/[game]/[dex]/page.js:2:7688)
Error loading Pokémon data: Error: Failed to fetch Pokemon species data for name: rotom-mow: 404
    at <unknown> (.next/server/app/pokemon/[name]/[game]/[dex]/page.js:2:7688)
Error generating metadata: Error: Failed to fetch Pokemon species data for name: rotom-mow: 404
    at <unknown> (.next/server/app/pokemon/[name]/[game]/[dex]/page.js:2:7688)
Error loading Pokémon data: Error: Failed to fetch Pokemon species data for name: pikachu-phd: 404
    at <unknown> (.next/server/app/pokemon/[name]/[game]/[dex]/page.js:2:7688)
Error generating metadata: Error: Failed to fetch Pokemon species data for name: pikachu-phd: 404
    at <unknown> (.next/server/app/pokemon/[name]/[game]/[dex]/page.js:2:7688)
Error loading Pokémon data: Error: Failed to fetch Pokemon species data for name: pikachu-libre: 404
    at <unknown> (.next/server/app/pokemon/[name]/[game]/[dex]/page.js:2:7688)
Error generating metadata: Error: Failed to fetch Pokemon species data for name: pikachu-libre: 404
    at <unknown> (.next/server/app/pokemon/[name]/[game]/[dex]/page.js:2:7688)
Error loading Pokémon data: Error: Failed to fetch Pokemon species data for name: pikachu-original-cap: 404
    at <unknown> (.next/server/app/pokemon/[name]/[game]/[dex]/page.js:2:7688)
Error generating metadata: Error: Failed to fetch Pokemon species data for name: pikachu-original-cap: 404
    at <unknown> (.next/server/app/pokemon/[name]/[game]/[dex]/page.js:2:7688)
Error loading Pokémon data: Error: Failed to fetch Pokemon species data for name: pikachu-cosplay: 404
    at <unknown> (.next/server/app/pokemon/[name]/[game]/[dex]/page.js:2:7688)
Error generating metadata: Error: Failed to fetch Pokemon species data for name: pikachu-cosplay: 404
    at <unknown> (.next/server/app/pokemon/[name]/[game]/[dex]/page.js:2:7688)
Error loading Pokemon: Error: Failed to fetch Pokemon species data for name: alcremie-salted-cream-strawberry-sweet: 404
    at <unknown> (.next/server/app/pokemon/[name]/page.js:1:716)
Error loading Pokemon: Error: Failed to fetch Pokemon species data for name: alcremie-lemon-cream-strawberry-sweet: 404
    at <unknown> (.next/server/app/pokemon/[name]/page.js:1:716)
Error loading Pokemon: Error: Failed to fetch Pokemon species data for name: alcremie-mint-cream-strawberry-sweet: 404
    at <unknown> (.next/server/app/pokemon/[name]/page.js:1:716)
Error loading Pokemon: Error: Failed to fetch Pokemon species data for name: alcremie-matcha-cream-strawberry-sweet: 404
    at <unknown> (.next/server/app/pokemon/[name]/page.js:1:716)
Error loading Pokémon data: Error: Failed to fetch Pokemon species data for name: pikachu-sinnoh-cap: 404
    at <unknown> (.next/server/app/pokemon/[name]/[game]/[dex]/page.js:2:7688)
Error generating metadata: Error: Failed to fetch Pokemon species data for name: pikachu-sinnoh-cap: 404
    at <unknown> (.next/server/app/pokemon/[name]/[game]/[dex]/page.js:2:7688)
Error loading Pokémon data: Error: Failed to fetch Pokemon species data for name: pikachu-unova-cap: 404
    at <unknown> (.next/server/app/pokemon/[name]/[game]/[dex]/page.js:2:7688)
Error generating metadata: Error: Failed to fetch Pokemon species data for name: pikachu-unova-cap: 404
    at <unknown> (.next/server/app/pokemon/[name]/[game]/[dex]/page.js:2:7688)
Error loading Pokemon: Error: Failed to fetch Pokemon species data for name: alcremie-caramel-swirl-strawberry-sweet: 404
    at <unknown> (.next/server/app/pokemon/[name]/page.js:1:716)
Error loading Pokemon: Error: Failed to fetch Pokemon species data for name: alcremie-rainbow-swirl-strawberry-sweet: 404
    at <unknown> (.next/server/app/pokemon/[name]/page.js:1:716)
Error loading Pokemon: Error: Failed to fetch Pokemon species data for name: alcremie-vanilla-cream-berry-sweet: 404
    at <unknown> (.next/server/app/pokemon/[name]/page.js:1:716)
Error loading Pokemon: Error: Failed to fetch Pokemon species data for name: alcremie-ruby-swirl-strawberry-sweet: 404
    at <unknown> (.next/server/app/pokemon/[name]/page.js:1:716)
Error loading Pokémon data: Error: Failed to fetch Pokemon species data for name: alcremie-vanilla-cream-strawberry-sweet: 404
    at <unknown> (.next/server/app/pokemon/[name]/[game]/[dex]/page.js:2:7688)
Error generating metadata: Error: Failed to fetch Pokemon species data for name: alcremie-vanilla-cream-strawberry-sweet: 404
    at <unknown> (.next/server/app/pokemon/[name]/[game]/[dex]/page.js:2:7688)
Error loading Pokémon data: Error: Failed to fetch Pokemon species data for name: alcremie-matcha-cream-strawberry-sweet: 404
    at <unknown> (.next/server/app/pokemon/[name]/[game]/[dex]/page.js:2:7688)
Error generating metadata: Error: Failed to fetch Pokemon species data for name: alcremie-matcha-cream-strawberry-sweet: 404
    at <unknown> (.next/server/app/pokemon/[name]/[game]/[dex]/page.js:2:7688)
Error loading Pokémon data: Error: Failed to fetch Pokemon species data for name: alcremie-ruby-cream-strawberry-sweet: 404
    at <unknown> (.next/server/app/pokemon/[name]/[game]/[dex]/page.js:2:7688)
Error generating metadata: Error: Failed to fetch Pokemon species data for name: alcremie-ruby-cream-strawberry-sweet: 404
    at <unknown> (.next/server/app/pokemon/[name]/[game]/[dex]/page.js:2:7688)
Error loading Pokémon data: Error: Failed to fetch Pokemon species data for name: alcremie-mint-cream-strawberry-sweet: 404
    at <unknown> (.next/server/app/pokemon/[name]/[game]/[dex]/page.js:2:7688)
Error generating metadata: Error: Failed to fetch Pokemon species data for name: alcremie-mint-cream-strawberry-sweet: 404
    at <unknown> (.next/server/app/pokemon/[name]/[game]/[dex]/page.js:2:7688)
Error loading Pokémon data: Error: Failed to fetch Pokemon species data for name: pikachu-alola-cap: 404
    at <unknown> (.next/server/app/pokemon/[name]/[game]/[dex]/page.js:2:7688)
Error generating metadata: Error: Failed to fetch Pokemon species data for name: pikachu-alola-cap: 404
    at <unknown> (.next/server/app/pokemon/[name]/[game]/[dex]/page.js:2:7688)
Error loading Pokemon: Error: Failed to fetch Pokemon species data for name: alcremie-ruby-cream-berry-sweet: 404
    at <unknown> (.next/server/app/pokemon/[name]/page.js:1:716)
Error loading Pokemon: Error: Failed to fetch Pokemon species data for name: alcremie-lemon-cream-berry-sweet: 404
    at <unknown> (.next/server/app/pokemon/[name]/page.js:1:716)
Error loading Pokémon data: Error: Failed to fetch Pokemon species data for name: pikachu-world-cap: 404
    at <unknown> (.next/server/app/pokemon/[name]/[game]/[dex]/page.js:2:7688)
Error generating metadata: Error: Failed to fetch Pokemon species data for name: pikachu-world-cap: 404
    at <unknown> (.next/server/app/pokemon/[name]/[game]/[dex]/page.js:2:7688)
Error loading Pokémon data: Error: Failed to fetch Pokemon species data for name: pikachu-partner-cap: 404
    at <unknown> (.next/server/app/pokemon/[name]/[game]/[dex]/page.js:2:7688)
Error generating metadata: Error: Failed to fetch Pokemon species data for name: pikachu-partner-cap: 404
    at <unknown> (.next/server/app/pokemon/[name]/[game]/[dex]/page.js:2:7688)
Error loading Pokémon data: Error: Failed to fetch Pokemon species data for name: pikachu-starter: 404
    at <unknown> (.next/server/app/pokemon/[name]/[game]/[dex]/page.js:2:7688)
Error generating metadata: Error: Failed to fetch Pokemon species data for name: pikachu-starter: 404
    at <unknown> (.next/server/app/pokemon/[name]/[game]/[dex]/page.js:2:7688)
Error loading Pokemon: Error: Failed to fetch Pokemon species data for name: alcremie-mint-cream-berry-sweet: 404
    at <unknown> (.next/server/app/pokemon/[name]/page.js:1:716)
Error loading Pokemon: Error: Failed to fetch Pokemon species data for name: alcremie-matcha-cream-berry-sweet: 404
    at <unknown> (.next/server/app/pokemon/[name]/page.js:1:716)
Error loading Pokémon data: Error: Failed to fetch Pokemon species data for name: alcremie-lemon-cream-strawberry-sweet: 404
    at <unknown> (.next/server/app/pokemon/[name]/[game]/[dex]/page.js:2:7688)
Error generating metadata: Error: Failed to fetch Pokemon species data for name: alcremie-lemon-cream-strawberry-sweet: 404
    at <unknown> (.next/server/app/pokemon/[name]/[game]/[dex]/page.js:2:7688)
Error loading Pokémon data: Error: Failed to fetch Pokemon species data for name: alcremie-caramel-swirl-strawberry-sweet: 404
    at <unknown> (.next/server/app/pokemon/[name]/[game]/[dex]/page.js:2:7688)
Error generating metadata: Error: Failed to fetch Pokemon species data for name: alcremie-caramel-swirl-strawberry-sweet: 404
    at <unknown> (.next/server/app/pokemon/[name]/[game]/[dex]/page.js:2:7688)
Error loading Pokémon data: Error: Failed to fetch Pokemon species data for name: alcremie-salted-cream-strawberry-sweet: 404
    at <unknown> (.next/server/app/pokemon/[name]/[game]/[dex]/page.js:2:7688)
Error generating metadata: Error: Failed to fetch Pokemon species data for name: alcremie-salted-cream-strawberry-sweet: 404
    at <unknown> (.next/server/app/pokemon/[name]/[game]/[dex]/page.js:2:7688)
Error loading Pokémon data: Error: Failed to fetch Pokemon species data for name: alcremie-ruby-swirl-strawberry-sweet: 404
    at <unknown> (.next/server/app/pokemon/[name]/[game]/[dex]/page.js:2:7688)
Error generating metadata: Error: Failed to fetch Pokemon species data for name: alcremie-ruby-swirl-strawberry-sweet: 404
    at <unknown> (.next/server/app/pokemon/[name]/[game]/[dex]/page.js:2:7688)
Error loading Pokemon: Error: Failed to fetch Pokemon species data for name: alcremie-rainbow-swirl-berry-sweet: 404
    at <unknown> (.next/server/app/pokemon/[name]/page.js:1:716)
Error loading Pokemon: Error: Failed to fetch Pokemon species data for name: alcremie-salted-cream-berry-sweet: 404
    at <unknown> (.next/server/app/pokemon/[name]/page.js:1:716)
Error loading Pokemon: Error: Failed to fetch Pokemon species data for name: alcremie-caramel-swirl-berry-sweet: 404
    at <unknown> (.next/server/app/pokemon/[name]/page.js:1:716)
Error loading Pokémon data: Error: Failed to fetch Pokemon species data for name: alcremie-ruby-cream-berry-sweet: 404
    at <unknown> (.next/server/app/pokemon/[name]/[game]/[dex]/page.js:2:7688)
Error generating metadata: Error: Failed to fetch Pokemon species data for name: alcremie-ruby-cream-berry-sweet: 404
    at <unknown> (.next/server/app/pokemon/[name]/[game]/[dex]/page.js:2:7688)
Error loading Pokémon data: Error: Failed to fetch Pokemon species data for name: alcremie-matcha-cream-berry-sweet: 404
    at <unknown> (.next/server/app/pokemon/[name]/[game]/[dex]/page.js:2:7688)
Error generating metadata: Error: Failed to fetch Pokemon species data for name: alcremie-matcha-cream-berry-sweet: 404
    at <unknown> (.next/server/app/pokemon/[name]/[game]/[dex]/page.js:2:7688)
Error loading Pokemon: Error: Failed to fetch Pokemon species data for name: alcremie-ruby-swirl-berry-sweet: 404
    at <unknown> (.next/server/app/pokemon/[name]/page.js:1:716)
Error loading Pokémon data: Error: Failed to fetch Pokemon species data for name: alcremie-vanilla-cream-berry-sweet: 404
    at <unknown> (.next/server/app/pokemon/[name]/[game]/[dex]/page.js:2:7688)
Error generating metadata: Error: Failed to fetch Pokemon species data for name: alcremie-vanilla-cream-berry-sweet: 404
    at <unknown> (.next/server/app/pokemon/[name]/[game]/[dex]/page.js:2:7688)
Error loading Pokémon data: Error: Failed to fetch Pokemon species data for name: alcremie-rainbow-swirl-strawberry-sweet: 404
    at <unknown> (.next/server/app/pokemon/[name]/[game]/[dex]/page.js:2:7688)
Error generating metadata: Error: Failed to fetch Pokemon species data for name: alcremie-rainbow-swirl-strawberry-sweet: 404
    at <unknown> (.next/server/app/pokemon/[name]/[game]/[dex]/page.js:2:7688)
Error loading Pokémon data: Error: Failed to fetch Pokemon species data for name: alcremie-lemon-cream-berry-sweet: 404
    at <unknown> (.next/server/app/pokemon/[name]/[game]/[dex]/page.js:2:7688)
Error generating metadata: Error: Failed to fetch Pokemon species data for name: alcremie-lemon-cream-berry-sweet: 404
    at <unknown> (.next/server/app/pokemon/[name]/[game]/[dex]/page.js:2:7688)
Error loading Pokemon: Error: Failed to fetch Pokemon species data for name: alcremie-matcha-cream-love-sweet: 404
    at <unknown> (.next/server/app/pokemon/[name]/page.js:1:716)
Error loading Pokemon: Error: Failed to fetch Pokemon species data for name: alcremie-ruby-cream-love-sweet: 404
    at <unknown> (.next/server/app/pokemon/[name]/page.js:1:716)
Error loading Pokémon data: Error: Failed to fetch Pokemon species data for name: alcremie-ruby-swirl-berry-sweet: 404
    at <unknown> (.next/server/app/pokemon/[name]/[game]/[dex]/page.js:2:7688)
Error generating metadata: Error: Failed to fetch Pokemon species data for name: alcremie-ruby-swirl-berry-sweet: 404
    at <unknown> (.next/server/app/pokemon/[name]/[game]/[dex]/page.js:2:7688)
Error loading Pokémon data: Error: Failed to fetch Pokemon species data for name: alcremie-salted-cream-berry-sweet: 404
    at <unknown> (.next/server/app/pokemon/[name]/[game]/[dex]/page.js:2:7688)
Error generating metadata: Error: Failed to fetch Pokemon species data for name: alcremie-salted-cream-berry-sweet: 404
    at <unknown> (.next/server/app/pokemon/[name]/[game]/[dex]/page.js:2:7688)
Error loading Pokemon: Error: Failed to fetch Pokemon species data for name: alcremie-vanilla-cream-love-sweet: 404
    at <unknown> (.next/server/app/pokemon/[name]/page.js:1:716)
Error loading Pokemon: Error: Failed to fetch Pokemon species data for name: alcremie-mint-cream-love-sweet: 404
    at <unknown> (.next/server/app/pokemon/[name]/page.js:1:716)
Error loading Pokémon data: Error: Failed to fetch Pokemon species data for name: alcremie-mint-cream-berry-sweet: 404
    at <unknown> (.next/server/app/pokemon/[name]/[game]/[dex]/page.js:2:7688)
Error generating metadata: Error: Failed to fetch Pokemon species data for name: alcremie-mint-cream-berry-sweet: 404
    at <unknown> (.next/server/app/pokemon/[name]/[game]/[dex]/page.js:2:7688)
Error loading Pokémon data: Error: Failed to fetch Pokemon species data for name: alcremie-rainbow-swirl-berry-sweet: 404
    at <unknown> (.next/server/app/pokemon/[name]/[game]/[dex]/page.js:2:7688)
Error generating metadata: Error: Failed to fetch Pokemon species data for name: alcremie-rainbow-swirl-berry-sweet: 404
    at <unknown> (.next/server/app/pokemon/[name]/[game]/[dex]/page.js:2:7688)
Error loading Pokémon data: Error: Failed to fetch Pokemon species data for name: alcremie-vanilla-cream-love-sweet: 404
    at <unknown> (.next/server/app/pokemon/[name]/[game]/[dex]/page.js:2:7688)
Error generating metadata: Error: Failed to fetch Pokemon species data for name: alcremie-vanilla-cream-love-sweet: 404
    at <unknown> (.next/server/app/pokemon/[name]/[game]/[dex]/page.js:2:7688)
Error loading Pokémon data: Error: Failed to fetch Pokemon species data for name: alcremie-caramel-swirl-berry-sweet: 404
    at <unknown> (.next/server/app/pokemon/[name]/[game]/[dex]/page.js:2:7688)
Error generating metadata: Error: Failed to fetch Pokemon species data for name: alcremie-caramel-swirl-berry-sweet: 404
    at <unknown> (.next/server/app/pokemon/[name]/[game]/[dex]/page.js:2:7688)
Error loading Pokémon data: Error: Failed to fetch Pokemon species data for name: alcremie-ruby-cream-love-sweet: 404
    at <unknown> (.next/server/app/pokemon/[name]/[game]/[dex]/page.js:2:7688)
Error generating metadata: Error: Failed to fetch Pokemon species data for name: alcremie-ruby-cream-love-sweet: 404
    at <unknown> (.next/server/app/pokemon/[name]/[game]/[dex]/page.js:2:7688)
Error loading Pokémon data: Error: Failed to fetch Pokemon species data for name: dialga-origin: 404
    at <unknown> (.next/server/app/pokemon/[name]/[game]/[dex]/page.js:2:7688)
Error generating metadata: Error: Failed to fetch Pokemon species data for name: dialga-origin: 404
    at <unknown> (.next/server/app/pokemon/[name]/[game]/[dex]/page.js:2:7688)
Error loading Pokemon: Error: Failed to fetch Pokemon species data for name: alcremie-lemon-cream-love-sweet: 404
    at <unknown> (.next/server/app/pokemon/[name]/page.js:1:716)
Error loading Pokémon data: Error: Failed to fetch Pokemon species data for name: palkia-origin: 404
    at <unknown> (.next/server/app/pokemon/[name]/[game]/[dex]/page.js:2:7688)
Error generating metadata: Error: Failed to fetch Pokemon species data for name: palkia-origin: 404
    at <unknown> (.next/server/app/pokemon/[name]/[game]/[dex]/page.js:2:7688)
Error loading Pokemon: Error: Failed to fetch Pokemon species data for name: alcremie-ruby-swirl-love-sweet: 404
    at <unknown> (.next/server/app/pokemon/[name]/page.js:1:716)
Error loading Pokemon: Error: Failed to fetch Pokemon species data for name: alcremie-caramel-swirl-love-sweet: 404
    at <unknown> (.next/server/app/pokemon/[name]/page.js:1:716)
Error loading Pokemon: Error: Failed to fetch Pokemon species data for name: alcremie-salted-cream-love-sweet: 404
    at <unknown> (.next/server/app/pokemon/[name]/page.js:1:716)
Error loading Pokémon data: Error: Failed to fetch Pokemon species data for name: alcremie-mint-cream-love-sweet: 404
    at <unknown> (.next/server/app/pokemon/[name]/[game]/[dex]/page.js:2:7688)
Error generating metadata: Error: Failed to fetch Pokemon species data for name: alcremie-mint-cream-love-sweet: 404
    at <unknown> (.next/server/app/pokemon/[name]/[game]/[dex]/page.js:2:7688)
Error loading Pokémon data: Error: Failed to fetch Pokemon species data for name: alcremie-salted-cream-love-sweet: 404
    at <unknown> (.next/server/app/pokemon/[name]/[game]/[dex]/page.js:2:7688)
Error generating metadata: Error: Failed to fetch Pokemon species data for name: alcremie-salted-cream-love-sweet: 404
    at <unknown> (.next/server/app/pokemon/[name]/[game]/[dex]/page.js:2:7688)
Error loading Pokémon data: Error: Failed to fetch Pokemon species data for name: alcremie-matcha-cream-love-sweet: 404
    at <unknown> (.next/server/app/pokemon/[name]/[game]/[dex]/page.js:2:7688)
Error generating metadata: Error: Failed to fetch Pokemon species data for name: alcremie-matcha-cream-love-sweet: 404
    at <unknown> (.next/server/app/pokemon/[name]/[game]/[dex]/page.js:2:7688)
Error loading Pokémon data: Error: Failed to fetch Pokemon species data for name: alcremie-lemon-cream-love-sweet: 404
    at <unknown> (.next/server/app/pokemon/[name]/[game]/[dex]/page.js:2:7688)
Error generating metadata: Error: Failed to fetch Pokemon species data for name: alcremie-lemon-cream-love-sweet: 404
    at <unknown> (.next/server/app/pokemon/[name]/[game]/[dex]/page.js:2:7688)
Error loading Pokemon: Error: Failed to fetch Pokemon species data for name: alcremie-vanilla-cream-star-sweet: 404
    at <unknown> (.next/server/app/pokemon/[name]/page.js:1:716)
Error loading Pokemon: Error: Failed to fetch Pokemon species data for name: alcremie-matcha-cream-star-sweet: 404
    at <unknown> (.next/server/app/pokemon/[name]/page.js:1:716)
Error loading Pokemon: Error: Failed to fetch Pokemon species data for name: alcremie-ruby-cream-star-sweet: 404
    at <unknown> (.next/server/app/pokemon/[name]/page.js:1:716)
Error loading Pokemon: Error: Failed to fetch Pokemon species data for name: alcremie-rainbow-swirl-love-sweet: 404
    at <unknown> (.next/server/app/pokemon/[name]/page.js:1:716)
Error loading Pokémon data: Error: Failed to fetch Pokemon species data for name: alcremie-vanilla-cream-star-sweet: 404
    at <unknown> (.next/server/app/pokemon/[name]/[game]/[dex]/page.js:2:7688)
Error generating metadata: Error: Failed to fetch Pokemon species data for name: alcremie-vanilla-cream-star-sweet: 404
    at <unknown> (.next/server/app/pokemon/[name]/[game]/[dex]/page.js:2:7688)
Error loading Pokémon data: Error: Failed to fetch Pokemon species data for name: alcremie-caramel-swirl-love-sweet: 404
    at <unknown> (.next/server/app/pokemon/[name]/[game]/[dex]/page.js:2:7688)
Error generating metadata: Error: Failed to fetch Pokemon species data for name: alcremie-caramel-swirl-love-sweet: 404
    at <unknown> (.next/server/app/pokemon/[name]/[game]/[dex]/page.js:2:7688)
Error loading Pokémon data: Error: Failed to fetch Pokemon species data for name: alcremie-rainbow-swirl-love-sweet: 404
    at <unknown> (.next/server/app/pokemon/[name]/[game]/[dex]/page.js:2:7688)
Error generating metadata: Error: Failed to fetch Pokemon species data for name: alcremie-rainbow-swirl-love-sweet: 404
    at <unknown> (.next/server/app/pokemon/[name]/[game]/[dex]/page.js:2:7688)
Error loading Pokémon data: Error: Failed to fetch Pokemon species data for name: alcremie-ruby-swirl-love-sweet: 404
    at <unknown> (.next/server/app/pokemon/[name]/[game]/[dex]/page.js:2:7688)
Error generating metadata: Error: Failed to fetch Pokemon species data for name: alcremie-ruby-swirl-love-sweet: 404
    at <unknown> (.next/server/app/pokemon/[name]/[game]/[dex]/page.js:2:7688)
Error loading Pokemon: Error: Failed to fetch Pokemon species data for name: alcremie-lemon-cream-star-sweet: 404
    at <unknown> (.next/server/app/pokemon/[name]/page.js:1:716)
Error loading Pokemon: Error: Failed to fetch Pokemon species data for name: alcremie-mint-cream-star-sweet: 404
    at <unknown> (.next/server/app/pokemon/[name]/page.js:1:716)
Error loading Pokémon data: Error: Failed to fetch Pokemon species data for name: alcremie-mint-cream-star-sweet: 404
    at <unknown> (.next/server/app/pokemon/[name]/[game]/[dex]/page.js:2:7688)
Error generating metadata: Error: Failed to fetch Pokemon species data for name: alcremie-mint-cream-star-sweet: 404
    at <unknown> (.next/server/app/pokemon/[name]/[game]/[dex]/page.js:2:7688)
Error loading Pokémon data: Error: Failed to fetch Pokemon species data for name: alcremie-ruby-cream-star-sweet: 404
    at <unknown> (.next/server/app/pokemon/[name]/[game]/[dex]/page.js:2:7688)
Error generating metadata: Error: Failed to fetch Pokemon species data for name: alcremie-ruby-cream-star-sweet: 404
    at <unknown> (.next/server/app/pokemon/[name]/[game]/[dex]/page.js:2:7688)
Error loading Pokémon data: Error: Failed to fetch Pokemon species data for name: alcremie-lemon-cream-star-sweet: 404
    at <unknown> (.next/server/app/pokemon/[name]/[game]/[dex]/page.js:2:7688)
Error generating metadata: Error: Failed to fetch Pokemon species data for name: alcremie-lemon-cream-star-sweet: 404
    at <unknown> (.next/server/app/pokemon/[name]/[game]/[dex]/page.js:2:7688)
Error loading Pokemon: Error: Failed to fetch Pokemon species data for name: alcremie-salted-cream-star-sweet: 404
    at <unknown> (.next/server/app/pokemon/[name]/page.js:1:716)
Error loading Pokemon: Error: Failed to fetch Pokemon species data for name: alcremie-ruby-swirl-star-sweet: 404
    at <unknown> (.next/server/app/pokemon/[name]/page.js:1:716)
Error loading Pokémon data: Error: Failed to fetch Pokemon species data for name: alcremie-matcha-cream-star-sweet: 404
    at <unknown> (.next/server/app/pokemon/[name]/[game]/[dex]/page.js:2:7688)
Error generating metadata: Error: Failed to fetch Pokemon species data for name: alcremie-matcha-cream-star-sweet: 404
    at <unknown> (.next/server/app/pokemon/[name]/[game]/[dex]/page.js:2:7688)
Error loading Pokémon data: Error: Failed to fetch Pokemon species data for name: alcremie-salted-cream-star-sweet: 404
    at <unknown> (.next/server/app/pokemon/[name]/[game]/[dex]/page.js:2:7688)
Error generating metadata: Error: Failed to fetch Pokemon species data for name: alcremie-salted-cream-star-sweet: 404
    at <unknown> (.next/server/app/pokemon/[name]/[game]/[dex]/page.js:2:7688)
Error loading Pokemon: Error: Failed to fetch Pokemon species data for name: alcremie-vanilla-cream-clover-sweet: 404
    at <unknown> (.next/server/app/pokemon/[name]/page.js:1:716)
Error loading Pokémon data: Error: Failed to fetch Pokemon species data for name: alcremie-ruby-swirl-star-sweet: 404
    at <unknown> (.next/server/app/pokemon/[name]/[game]/[dex]/page.js:2:7688)
Error generating metadata: Error: Failed to fetch Pokemon species data for name: alcremie-ruby-swirl-star-sweet: 404
    at <unknown> (.next/server/app/pokemon/[name]/[game]/[dex]/page.js:2:7688)
Error loading Pokémon data: Error: Failed to fetch Pokemon species data for name: giratina-origin: 404
    at <unknown> (.next/server/app/pokemon/[name]/[game]/[dex]/page.js:2:7688)
Error generating metadata: Error: Failed to fetch Pokemon species data for name: giratina-origin: 404
    at <unknown> (.next/server/app/pokemon/[name]/[game]/[dex]/page.js:2:7688)
Error loading Pokémon data: Error: Failed to fetch Pokemon species data for name: alcremie-caramel-swirl-star-sweet: 404
    at <unknown> (.next/server/app/pokemon/[name]/[game]/[dex]/page.js:2:7688)
Error generating metadata: Error: Failed to fetch Pokemon species data for name: alcremie-caramel-swirl-star-sweet: 404
    at <unknown> (.next/server/app/pokemon/[name]/[game]/[dex]/page.js:2:7688)
Error loading Pokemon: Error: Failed to fetch Pokemon species data for name: alcremie-caramel-swirl-star-sweet: 404
    at <unknown> (.next/server/app/pokemon/[name]/page.js:1:716)
Error loading Pokemon: Error: Failed to fetch Pokemon species data for name: alcremie-rainbow-swirl-star-sweet: 404
    at <unknown> (.next/server/app/pokemon/[name]/page.js:1:716)
Error loading Pokemon: Error: Failed to fetch Pokemon species data for name: alcremie-ruby-cream-clover-sweet: 404
    at <unknown> (.next/server/app/pokemon/[name]/page.js:1:716)
Error loading Pokémon data: Error: Failed to fetch Pokemon species data for name: alcremie-rainbow-swirl-star-sweet: 404
    at <unknown> (.next/server/app/pokemon/[name]/[game]/[dex]/page.js:2:7688)
Error generating metadata: Error: Failed to fetch Pokemon species data for name: alcremie-rainbow-swirl-star-sweet: 404
    at <unknown> (.next/server/app/pokemon/[name]/[game]/[dex]/page.js:2:7688)
Error loading Pokémon data: Error: Failed to fetch Pokemon species data for name: alcremie-vanilla-cream-clover-sweet: 404
    at <unknown> (.next/server/app/pokemon/[name]/[game]/[dex]/page.js:2:7688)
Error generating metadata: Error: Failed to fetch Pokemon species data for name: alcremie-vanilla-cream-clover-sweet: 404
    at <unknown> (.next/server/app/pokemon/[name]/[game]/[dex]/page.js:2:7688)
Error loading Pokemon: Error: Failed to fetch Pokemon species data for name: alcremie-matcha-cream-clover-sweet: 404
    at <unknown> (.next/server/app/pokemon/[name]/page.js:1:716)
Error loading Pokemon: Error: Failed to fetch Pokemon species data for name: alcremie-lemon-cream-clover-sweet: 404
    at <unknown> (.next/server/app/pokemon/[name]/page.js:1:716)
Error loading Pokemon: Error: Failed to fetch Pokemon species data for name: alcremie-mint-cream-clover-sweet: 404
    at <unknown> (.next/server/app/pokemon/[name]/page.js:1:716)
Error loading Pokémon data: Error: Failed to fetch Pokemon species data for name: alcremie-matcha-cream-clover-sweet: 404
    at <unknown> (.next/server/app/pokemon/[name]/[game]/[dex]/page.js:2:7688)
Error generating metadata: Error: Failed to fetch Pokemon species data for name: alcremie-matcha-cream-clover-sweet: 404
    at <unknown> (.next/server/app/pokemon/[name]/[game]/[dex]/page.js:2:7688)
Error loading Pokémon data: Error: Failed to fetch Pokemon species data for name: alcremie-mint-cream-clover-sweet: 404
    at <unknown> (.next/server/app/pokemon/[name]/[game]/[dex]/page.js:2:7688)
Error generating metadata: Error: Failed to fetch Pokemon species data for name: alcremie-mint-cream-clover-sweet: 404
    at <unknown> (.next/server/app/pokemon/[name]/[game]/[dex]/page.js:2:7688)
Error loading Pokemon: Error: Failed to fetch Pokemon species data for name: alcremie-salted-cream-clover-sweet: 404
    at <unknown> (.next/server/app/pokemon/[name]/page.js:1:716)
Error loading Pokémon data: Error: Failed to fetch Pokemon species data for name: alcremie-ruby-cream-clover-sweet: 404
    at <unknown> (.next/server/app/pokemon/[name]/[game]/[dex]/page.js:2:7688)
Error generating metadata: Error: Failed to fetch Pokemon species data for name: alcremie-ruby-cream-clover-sweet: 404
    at <unknown> (.next/server/app/pokemon/[name]/[game]/[dex]/page.js:2:7688)
Error loading Pokémon data: Error: Failed to fetch Pokemon species data for name: alcremie-lemon-cream-clover-sweet: 404
    at <unknown> (.next/server/app/pokemon/[name]/[game]/[dex]/page.js:2:7688)
Error generating metadata: Error: Failed to fetch Pokemon species data for name: alcremie-lemon-cream-clover-sweet: 404
    at <unknown> (.next/server/app/pokemon/[name]/[game]/[dex]/page.js:2:7688)
Error loading Pokemon: Error: Failed to fetch Pokemon species data for name: alcremie-vanilla-cream-flower-sweet: 404
    at <unknown> (.next/server/app/pokemon/[name]/page.js:1:716)
Error loading Pokémon data: Error: Failed to fetch Pokemon species data for name: alcremie-salted-cream-clover-sweet: 404
    at <unknown> (.next/server/app/pokemon/[name]/[game]/[dex]/page.js:2:7688)
Error generating metadata: Error: Failed to fetch Pokemon species data for name: alcremie-salted-cream-clover-sweet: 404
    at <unknown> (.next/server/app/pokemon/[name]/[game]/[dex]/page.js:2:7688)
Error loading Pokemon: Error: Failed to fetch Pokemon species data for name: alcremie-rainbow-swirl-clover-sweet: 404
    at <unknown> (.next/server/app/pokemon/[name]/page.js:1:716)
Error loading Pokemon: Error: Failed to fetch Pokemon species data for name: alcremie-caramel-swirl-clover-sweet: 404
    at <unknown> (.next/server/app/pokemon/[name]/page.js:1:716)
Error loading Pokémon data: Error: Failed to fetch Pokemon species data for name: alcremie-ruby-swirl-clover-sweet: 404
    at <unknown> (.next/server/app/pokemon/[name]/[game]/[dex]/page.js:2:7688)
Error generating metadata: Error: Failed to fetch Pokemon species data for name: alcremie-ruby-swirl-clover-sweet: 404
    at <unknown> (.next/server/app/pokemon/[name]/[game]/[dex]/page.js:2:7688)
Error loading Pokémon data: Error: Failed to fetch Pokemon species data for name: alcremie-caramel-swirl-clover-sweet: 404
    at <unknown> (.next/server/app/pokemon/[name]/[game]/[dex]/page.js:2:7688)
Error generating metadata: Error: Failed to fetch Pokemon species data for name: alcremie-caramel-swirl-clover-sweet: 404
    at <unknown> (.next/server/app/pokemon/[name]/[game]/[dex]/page.js:2:7688)
Error loading Pokemon: Error: Failed to fetch Pokemon species data for name: alcremie-ruby-swirl-clover-sweet: 404
    at <unknown> (.next/server/app/pokemon/[name]/page.js:1:716)
Error loading Pokémon data: Error: Failed to fetch Pokemon species data for name: alcremie-rainbow-swirl-clover-sweet: 404
    at <unknown> (.next/server/app/pokemon/[name]/[game]/[dex]/page.js:2:7688)
Error generating metadata: Error: Failed to fetch Pokemon species data for name: alcremie-rainbow-swirl-clover-sweet: 404
    at <unknown> (.next/server/app/pokemon/[name]/[game]/[dex]/page.js:2:7688)
Error loading Pokémon data: Error: Failed to fetch Pokemon species data for name: alcremie-vanilla-cream-flower-sweet: 404
    at <unknown> (.next/server/app/pokemon/[name]/[game]/[dex]/page.js:2:7688)
Error generating metadata: Error: Failed to fetch Pokemon species data for name: alcremie-vanilla-cream-flower-sweet: 404
    at <unknown> (.next/server/app/pokemon/[name]/[game]/[dex]/page.js:2:7688)
Error loading Pokémon data: Error: Failed to fetch Pokemon species data for name: alcremie-ruby-cream-flower-sweet: 404
    at <unknown> (.next/server/app/pokemon/[name]/[game]/[dex]/page.js:2:7688)
Error generating metadata: Error: Failed to fetch Pokemon species data for name: alcremie-ruby-cream-flower-sweet: 404
    at <unknown> (.next/server/app/pokemon/[name]/[game]/[dex]/page.js:2:7688)
Error loading Pokémon data: Error: Failed to fetch Pokemon species data for name: alcremie-matcha-cream-flower-sweet: 404
    at <unknown> (.next/server/app/pokemon/[name]/[game]/[dex]/page.js:2:7688)
Error generating metadata: Error: Failed to fetch Pokemon species data for name: alcremie-matcha-cream-flower-sweet: 404
    at <unknown> (.next/server/app/pokemon/[name]/[game]/[dex]/page.js:2:7688)
Error loading Pokemon: Error: Failed to fetch Pokemon species data for name: alcremie-matcha-cream-flower-sweet: 404
    at <unknown> (.next/server/app/pokemon/[name]/page.js:1:716)
Error loading Pokemon: Error: Failed to fetch Pokemon species data for name: alcremie-ruby-cream-flower-sweet: 404
    at <unknown> (.next/server/app/pokemon/[name]/page.js:1:716)
Error loading Pokemon: Error: Failed to fetch Pokemon species data for name: alcremie-mint-cream-flower-sweet: 404
    at <unknown> (.next/server/app/pokemon/[name]/page.js:1:716)
Error loading Pokémon data: Error: Failed to fetch Pokemon species data for name: alcremie-mint-cream-flower-sweet: 404
    at <unknown> (.next/server/app/pokemon/[name]/[game]/[dex]/page.js:2:7688)
Error generating metadata: Error: Failed to fetch Pokemon species data for name: alcremie-mint-cream-flower-sweet: 404
    at <unknown> (.next/server/app/pokemon/[name]/[game]/[dex]/page.js:2:7688)
Error loading Pokémon data: Error: Failed to fetch Pokemon species data for name: alcremie-ruby-swirl-flower-sweet: 404
    at <unknown> (.next/server/app/pokemon/[name]/[game]/[dex]/page.js:2:7688)
Error generating metadata: Error: Failed to fetch Pokemon species data for name: alcremie-ruby-swirl-flower-sweet: 404
    at <unknown> (.next/server/app/pokemon/[name]/[game]/[dex]/page.js:2:7688)
Error loading Pokémon data: Error: Failed to fetch Pokemon species data for name: alcremie-lemon-cream-flower-sweet: 404
    at <unknown> (.next/server/app/pokemon/[name]/[game]/[dex]/page.js:2:7688)
Error generating metadata: Error: Failed to fetch Pokemon species data for name: alcremie-lemon-cream-flower-sweet: 404
    at <unknown> (.next/server/app/pokemon/[name]/[game]/[dex]/page.js:2:7688)
Error loading Pokemon: Error: Failed to fetch Pokemon species data for name: alcremie-lemon-cream-flower-sweet: 404
    at <unknown> (.next/server/app/pokemon/[name]/page.js:1:716)
Error loading Pokémon data: Error: Failed to fetch Pokemon species data for name: alcremie-salted-cream-flower-sweet: 404
    at <unknown> (.next/server/app/pokemon/[name]/[game]/[dex]/page.js:2:7688)
Error generating metadata: Error: Failed to fetch Pokemon species data for name: alcremie-salted-cream-flower-sweet: 404
    at <unknown> (.next/server/app/pokemon/[name]/[game]/[dex]/page.js:2:7688)
Error loading Pokemon: Error: Failed to fetch Pokemon species data for name: alcremie-ruby-swirl-flower-sweet: 404
    at <unknown> (.next/server/app/pokemon/[name]/page.js:1:716)
Error loading Pokemon: Error: Failed to fetch Pokemon species data for name: alcremie-salted-cream-flower-sweet: 404
    at <unknown> (.next/server/app/pokemon/[name]/page.js:1:716)
Error loading Pokemon: Error: Failed to fetch Pokemon species data for name: alcremie-rainbow-swirl-flower-sweet: 404
    at <unknown> (.next/server/app/pokemon/[name]/page.js:1:716)
Error loading Pokémon data: Error: Failed to fetch Pokemon species data for name: alcremie-caramel-swirl-flower-sweet: 404
    at <unknown> (.next/server/app/pokemon/[name]/[game]/[dex]/page.js:2:7688)
Error generating metadata: Error: Failed to fetch Pokemon species data for name: alcremie-caramel-swirl-flower-sweet: 404
    at <unknown> (.next/server/app/pokemon/[name]/[game]/[dex]/page.js:2:7688)
Error loading Pokémon data: Error: Failed to fetch Pokemon species data for name: alcremie-rainbow-swirl-flower-sweet: 404
    at <unknown> (.next/server/app/pokemon/[name]/[game]/[dex]/page.js:2:7688)
Error generating metadata: Error: Failed to fetch Pokemon species data for name: alcremie-rainbow-swirl-flower-sweet: 404
    at <unknown> (.next/server/app/pokemon/[name]/[game]/[dex]/page.js:2:7688)
Error loading Pokémon data: Error: Failed to fetch Pokemon species data for name: alcremie-vanilla-cream-ribbon-sweet: 404
    at <unknown> (.next/server/app/pokemon/[name]/[game]/[dex]/page.js:2:7688)
Error generating metadata: Error: Failed to fetch Pokemon species data for name: alcremie-vanilla-cream-ribbon-sweet: 404
    at <unknown> (.next/server/app/pokemon/[name]/[game]/[dex]/page.js:2:7688)
Error loading Pokemon: Error: Failed to fetch Pokemon species data for name: alcremie-caramel-swirl-flower-sweet: 404
    at <unknown> (.next/server/app/pokemon/[name]/page.js:1:716)
Error loading Pokémon data: Error: Failed to fetch Pokemon species data for name: alcremie-ruby-cream-ribbon-sweet: 404
    at <unknown> (.next/server/app/pokemon/[name]/[game]/[dex]/page.js:2:7688)
Error generating metadata: Error: Failed to fetch Pokemon species data for name: alcremie-ruby-cream-ribbon-sweet: 404
    at <unknown> (.next/server/app/pokemon/[name]/[game]/[dex]/page.js:2:7688)
Error loading Pokemon: Error: Failed to fetch Pokemon species data for name: alcremie-ruby-cream-ribbon-sweet: 404
    at <unknown> (.next/server/app/pokemon/[name]/page.js:1:716)
Error loading Pokemon: Error: Failed to fetch Pokemon species data for name: alcremie-vanilla-cream-ribbon-sweet: 404
    at <unknown> (.next/server/app/pokemon/[name]/page.js:1:716)
Error loading Pokémon data: Error: Failed to fetch Pokemon species data for name: alcremie-mint-cream-ribbon-sweet: 404
    at <unknown> (.next/server/app/pokemon/[name]/[game]/[dex]/page.js:2:7688)
Error generating metadata: Error: Failed to fetch Pokemon species data for name: alcremie-mint-cream-ribbon-sweet: 404
    at <unknown> (.next/server/app/pokemon/[name]/[game]/[dex]/page.js:2:7688)
Error loading Pokemon: Error: Failed to fetch Pokemon species data for name: alcremie-matcha-cream-ribbon-sweet: 404
    at <unknown> (.next/server/app/pokemon/[name]/page.js:1:716)
Error loading Pokemon: Error: Failed to fetch Pokemon species data for name: alcremie-mint-cream-ribbon-sweet: 404
    at <unknown> (.next/server/app/pokemon/[name]/page.js:1:716)
Error loading Pokémon data: Error: Failed to fetch Pokemon species data for name: alcremie-lemon-cream-ribbon-sweet: 404
    at <unknown> (.next/server/app/pokemon/[name]/[game]/[dex]/page.js:2:7688)
Error generating metadata: Error: Failed to fetch Pokemon species data for name: alcremie-lemon-cream-ribbon-sweet: 404
    at <unknown> (.next/server/app/pokemon/[name]/[game]/[dex]/page.js:2:7688)
Error loading Pokémon data: Error: Failed to fetch Pokemon species data for name: alcremie-salted-cream-ribbon-sweet: 404
    at <unknown> (.next/server/app/pokemon/[name]/[game]/[dex]/page.js:2:7688)
Error generating metadata: Error: Failed to fetch Pokemon species data for name: alcremie-salted-cream-ribbon-sweet: 404
    at <unknown> (.next/server/app/pokemon/[name]/[game]/[dex]/page.js:2:7688)
Error loading Pokémon data: Error: Failed to fetch Pokemon species data for name: alcremie-matcha-cream-ribbon-sweet: 404
    at <unknown> (.next/server/app/pokemon/[name]/[game]/[dex]/page.js:2:7688)
Error generating metadata: Error: Failed to fetch Pokemon species data for name: alcremie-matcha-cream-ribbon-sweet: 404
    at <unknown> (.next/server/app/pokemon/[name]/[game]/[dex]/page.js:2:7688)
Error loading Pokemon: Error: Failed to fetch Pokemon species data for name: alcremie-salted-cream-ribbon-sweet: 404
    at <unknown> (.next/server/app/pokemon/[name]/page.js:1:716)
Error loading Pokemon: Error: Failed to fetch Pokemon species data for name: alcremie-lemon-cream-ribbon-sweet: 404
    at <unknown> (.next/server/app/pokemon/[name]/page.js:1:716)
Error loading Pokemon: Error: Failed to fetch Pokemon species data for name: alcremie-ruby-swirl-ribbon-sweet: 404
    at <unknown> (.next/server/app/pokemon/[name]/page.js:1:716)
Error loading Pokémon data: Error: Failed to fetch Pokemon species data for name: alcremie-ruby-swirl-ribbon-sweet: 404
    at <unknown> (.next/server/app/pokemon/[name]/[game]/[dex]/page.js:2:7688)
Error generating metadata: Error: Failed to fetch Pokemon species data for name: alcremie-ruby-swirl-ribbon-sweet: 404
    at <unknown> (.next/server/app/pokemon/[name]/[game]/[dex]/page.js:2:7688)
Error loading Pokemon: Error: Failed to fetch Pokemon species data for name: alcremie-caramel-swirl-ribbon-sweet: 404
    at <unknown> (.next/server/app/pokemon/[name]/page.js:1:716)
Error loading Pokémon data: Error: Failed to fetch Pokemon species data for name: alcremie-rainbow-swirl-ribbon-sweet: 404
    at <unknown> (.next/server/app/pokemon/[name]/[game]/[dex]/page.js:2:7688)
Error generating metadata: Error: Failed to fetch Pokemon species data for name: alcremie-rainbow-swirl-ribbon-sweet: 404
    at <unknown> (.next/server/app/pokemon/[name]/[game]/[dex]/page.js:2:7688)
Error loading Pokémon data: Error: Failed to fetch Pokemon species data for name: alcremie-caramel-swirl-ribbon-sweet: 404
    at <unknown> (.next/server/app/pokemon/[name]/[game]/[dex]/page.js:2:7688)
Error generating metadata: Error: Failed to fetch Pokemon species data for name: alcremie-caramel-swirl-ribbon-sweet: 404
    at <unknown> (.next/server/app/pokemon/[name]/[game]/[dex]/page.js:2:7688)
Error loading Pokemon: Error: Failed to fetch Pokemon species data for name: alcremie-rainbow-swirl-ribbon-sweet: 404
    at <unknown> (.next/server/app/pokemon/[name]/page.js:1:716)
Error loading Pokemon: Error: Failed to fetch Pokemon species data for name: eiscue-noice: 404
    at <unknown> (.next/server/app/pokemon/[name]/page.js:1:716)
Error loading Pokemon: Error: Failed to fetch Pokemon species data for name: morpeko-hangry: 404
    at <unknown> (.next/server/app/pokemon/[name]/page.js:1:716)
Error loading Pokémon data: Error: Failed to fetch Pokemon species data for name: eiscue-noice: 404
    at <unknown> (.next/server/app/pokemon/[name]/[game]/[dex]/page.js:2:7688)
Error generating metadata: Error: Failed to fetch Pokemon species data for name: eiscue-noice: 404
    at <unknown> (.next/server/app/pokemon/[name]/[game]/[dex]/page.js:2:7688)
Error loading Pokémon data: Error: Failed to fetch Pokemon species data for name: morpeko-hangry: 404
    at <unknown> (.next/server/app/pokemon/[name]/[game]/[dex]/page.js:2:7688)
Error generating metadata: Error: Failed to fetch Pokemon species data for name: morpeko-hangry: 404
    at <unknown> (.next/server/app/pokemon/[name]/[game]/[dex]/page.js:2:7688)
Error loading Pokémon data: Error: Failed to fetch Pokemon species data for name: raticate-totem: 404
    at <unknown> (.next/server/app/pokemon/[name]/[game]/[dex]/page.js:2:7688)
Error generating metadata: Error: Failed to fetch Pokemon species data for name: raticate-totem: 404
    at <unknown> (.next/server/app/pokemon/[name]/[game]/[dex]/page.js:2:7688)
Error loading Pokémon data: Error: Failed to fetch Pokemon species data for name: rockruff-own-tempo: 404
    at <unknown> (.next/server/app/pokemon/[name]/[game]/[dex]/page.js:2:7688)
Error generating metadata: Error: Failed to fetch Pokemon species data for name: rockruff-own-tempo: 404
    at <unknown> (.next/server/app/pokemon/[name]/[game]/[dex]/page.js:2:7688)
Error loading Pokémon data: Error: Failed to fetch Pokemon species data for name: pikachu-phd: 404
    at <unknown> (.next/server/app/pokemon/[name]/[game]/[dex]/page.js:2:7688)
Error generating metadata: Error: Failed to fetch Pokemon species data for name: pikachu-phd: 404
    at <unknown> (.next/server/app/pokemon/[name]/[game]/[dex]/page.js:2:7688)
Error loading Pokémon data: Error: Failed to fetch Pokemon species data for name: pikachu-pop-star: 404
    at <unknown> (.next/server/app/pokemon/[name]/[game]/[dex]/page.js:2:7688)
Error generating metadata: Error: Failed to fetch Pokemon species data for name: pikachu-pop-star: 404
    at <unknown> (.next/server/app/pokemon/[name]/[game]/[dex]/page.js:2:7688)
Error loading Pokémon data: Error: Failed to fetch Pokemon species data for name: pikachu-belle: 404
    at <unknown> (.next/server/app/pokemon/[name]/[game]/[dex]/page.js:2:7688)
Error generating metadata: Error: Failed to fetch Pokemon species data for name: pikachu-belle: 404
    at <unknown> (.next/server/app/pokemon/[name]/[game]/[dex]/page.js:2:7688)
Error loading Pokémon data: Error: Failed to fetch Pokemon species data for name: pikachu-rock-star: 404
    at <unknown> (.next/server/app/pokemon/[name]/[game]/[dex]/page.js:2:7688)
Error generating metadata: Error: Failed to fetch Pokemon species data for name: pikachu-rock-star: 404
    at <unknown> (.next/server/app/pokemon/[name]/[game]/[dex]/page.js:2:7688)
Error loading Pokémon data: Error: Failed to fetch Pokemon species data for name: pikachu-cosplay: 404
    at <unknown> (.next/server/app/pokemon/[name]/[game]/[dex]/page.js:2:7688)
Error generating metadata: Error: Failed to fetch Pokemon species data for name: pikachu-cosplay: 404
    at <unknown> (.next/server/app/pokemon/[name]/[game]/[dex]/page.js:2:7688)
Error loading Pokémon data: Error: Failed to fetch Pokemon species data for name: pikachu-libre: 404
    at <unknown> (.next/server/app/pokemon/[name]/[game]/[dex]/page.js:2:7688)
Error generating metadata: Error: Failed to fetch Pokemon species data for name: pikachu-libre: 404
    at <unknown> (.next/server/app/pokemon/[name]/[game]/[dex]/page.js:2:7688)
Error loading Pokémon data: Error: Failed to fetch Pokemon species data for name: pikachu-original-cap: 404
    at <unknown> (.next/server/app/pokemon/[name]/[game]/[dex]/page.js:2:7688)
Error generating metadata: Error: Failed to fetch Pokemon species data for name: pikachu-original-cap: 404
    at <unknown> (.next/server/app/pokemon/[name]/[game]/[dex]/page.js:2:7688)
Error loading Pokémon data: Error: Failed to fetch Pokemon species data for name: pikachu-unova-cap: 404
    at <unknown> (.next/server/app/pokemon/[name]/[game]/[dex]/page.js:2:7688)
Error generating metadata: Error: Failed to fetch Pokemon species data for name: pikachu-unova-cap: 404
    at <unknown> (.next/server/app/pokemon/[name]/[game]/[dex]/page.js:2:7688)
Error loading Pokémon data: Error: Failed to fetch Pokemon species data for name: pikachu-sinnoh-cap: 404
    at <unknown> (.next/server/app/pokemon/[name]/[game]/[dex]/page.js:2:7688)
Error generating metadata: Error: Failed to fetch Pokemon species data for name: pikachu-sinnoh-cap: 404
    at <unknown> (.next/server/app/pokemon/[name]/[game]/[dex]/page.js:2:7688)
Error loading Pokémon data: Error: Failed to fetch Pokemon species data for name: pikachu-alola-cap: 404
    at <unknown> (.next/server/app/pokemon/[name]/[game]/[dex]/page.js:2:7688)
Error generating metadata: Error: Failed to fetch Pokemon species data for name: pikachu-alola-cap: 404
    at <unknown> (.next/server/app/pokemon/[name]/[game]/[dex]/page.js:2:7688)
Error loading Pokémon data: Error: Failed to fetch Pokemon species data for name: pikachu-world-cap: 404
    at <unknown> (.next/server/app/pokemon/[name]/[game]/[dex]/page.js:2:7688)
Error generating metadata: Error: Failed to fetch Pokemon species data for name: pikachu-world-cap: 404
    at <unknown> (.next/server/app/pokemon/[name]/[game]/[dex]/page.js:2:7688)
Error loading Pokémon data: Error: Failed to fetch Pokemon species data for name: pikachu-starter: 404
    at <unknown> (.next/server/app/pokemon/[name]/[game]/[dex]/page.js:2:7688)
Error generating metadata: Error: Failed to fetch Pokemon species data for name: pikachu-starter: 404
    at <unknown> (.next/server/app/pokemon/[name]/[game]/[dex]/page.js:2:7688)
Error loading Pokémon data: Error: Failed to fetch Pokemon species data for name: pikachu-partner-cap: 404
    at <unknown> (.next/server/app/pokemon/[name]/[game]/[dex]/page.js:2:7688)
Error generating metadata: Error: Failed to fetch Pokemon species data for name: pikachu-partner-cap: 404
    at <unknown> (.next/server/app/pokemon/[name]/[game]/[dex]/page.js:2:7688)
Error loading Pokémon data: Error: Failed to fetch Pokemon species data for name: raticate-totem: 404
    at <unknown> (.next/server/app/pokemon/[name]/[game]/[dex]/page.js:2:7688)
Error generating metadata: Error: Failed to fetch Pokemon species data for name: raticate-totem: 404
    at <unknown> (.next/server/app/pokemon/[name]/[game]/[dex]/page.js:2:7688)
Error loading Pokemon: Error: Failed to fetch Pokemon species data for name: zacian-crowned: 404
    at <unknown> (.next/server/app/pokemon/[name]/page.js:1:716)
Error loading Pokémon data: Error: Failed to fetch Pokemon species data for name: palafin-hero: 404
    at <unknown> (.next/server/app/pokemon/[name]/[game]/[dex]/page.js:2:7688)
Error generating metadata: Error: Failed to fetch Pokemon species data for name: palafin-hero: 404
    at <unknown> (.next/server/app/pokemon/[name]/[game]/[dex]/page.js:2:7688)
Error loading Pokémon data: Error: Failed to fetch Pokemon species data for name: wormadam-trash: 404
    at <unknown> (.next/server/app/pokemon/[name]/[game]/[dex]/page.js:2:7688)
Error generating metadata: Error: Failed to fetch Pokemon species data for name: wormadam-trash: 404
    at <unknown> (.next/server/app/pokemon/[name]/[game]/[dex]/page.js:2:7688)
Error loading Pokémon data: Error: Failed to fetch Pokemon species data for name: wormadam-sandy: 404
    at <unknown> (.next/server/app/pokemon/[name]/[game]/[dex]/page.js:2:7688)
Error generating metadata: Error: Failed to fetch Pokemon species data for name: wormadam-sandy: 404
    at <unknown> (.next/server/app/pokemon/[name]/[game]/[dex]/page.js:2:7688)
Error loading Pokemon: Error: Failed to fetch Pokemon species data for name: zamazenta-crowned: 404
    at <unknown> (.next/server/app/pokemon/[name]/page.js:1:716)
Error loading Pokemon: Error: Failed to fetch Pokemon species data for name: eternatus-eternamax: 404
    at <unknown> (.next/server/app/pokemon/[name]/page.js:1:716)
Error loading Pokémon data: Error: Failed to fetch Pokemon species data for name: tatsugiri-stretchy: 404
    at <unknown> (.next/server/app/pokemon/[name]/[game]/[dex]/page.js:2:7688)
Error generating metadata: Error: Failed to fetch Pokemon species data for name: tatsugiri-stretchy: 404
    at <unknown> (.next/server/app/pokemon/[name]/[game]/[dex]/page.js:2:7688)
Error loading Pokémon data: Error: Failed to fetch Pokemon species data for name: tatsugiri-droopy: 404
    at <unknown> (.next/server/app/pokemon/[name]/[game]/[dex]/page.js:2:7688)
Error generating metadata: Error: Failed to fetch Pokemon species data for name: tatsugiri-droopy: 404
    at <unknown> (.next/server/app/pokemon/[name]/[game]/[dex]/page.js:2:7688)
Error loading Pokémon data: Error: Failed to fetch Pokemon species data for name: dudunsparce-three-segment: 404
    at <unknown> (.next/server/app/pokemon/[name]/[game]/[dex]/page.js:2:7688)
Error generating metadata: Error: Failed to fetch Pokemon species data for name: dudunsparce-three-segment: 404
    at <unknown> (.next/server/app/pokemon/[name]/[game]/[dex]/page.js:2:7688)
Error loading Pokémon data: Error: Failed to fetch Pokemon species data for name: eevee-starter: 404
    at <unknown> (.next/server/app/pokemon/[name]/[game]/[dex]/page.js:2:7688)
Error generating metadata: Error: Failed to fetch Pokemon species data for name: eevee-starter: 404
    at <unknown> (.next/server/app/pokemon/[name]/[game]/[dex]/page.js:2:7688)
Error loading Pokémon data: Error: Failed to fetch Pokemon species data for name: zamazenta-crowned: 404
    at <unknown> (.next/server/app/pokemon/[name]/[game]/[dex]/page.js:2:7688)
Error generating metadata: Error: Failed to fetch Pokemon species data for name: zamazenta-crowned: 404
    at <unknown> (.next/server/app/pokemon/[name]/[game]/[dex]/page.js:2:7688)
Error loading Pokémon data: Error: Failed to fetch Pokemon species data for name: zacian-crowned: 404
    at <unknown> (.next/server/app/pokemon/[name]/[game]/[dex]/page.js:2:7688)
Error generating metadata: Error: Failed to fetch Pokemon species data for name: zacian-crowned: 404
    at <unknown> (.next/server/app/pokemon/[name]/[game]/[dex]/page.js:2:7688)
Error loading Pokémon data: Error: Failed to fetch Pokemon species data for name: rockruff-own-tempo: 404
    at <unknown> (.next/server/app/pokemon/[name]/[game]/[dex]/page.js:2:7688)
Error generating metadata: Error: Failed to fetch Pokemon species data for name: rockruff-own-tempo: 404
    at <unknown> (.next/server/app/pokemon/[name]/[game]/[dex]/page.js:2:7688)
Error loading Pokémon data: Error: Failed to fetch Pokemon species data for name: floette-orange: 404
    at <unknown> (.next/server/app/pokemon/[name]/[game]/[dex]/page.js:2:7688)
Error generating metadata: Error: Failed to fetch Pokemon species data for name: floette-orange: 404
    at <unknown> (.next/server/app/pokemon/[name]/[game]/[dex]/page.js:2:7688)
Error loading Pokémon data: Error: Failed to fetch Pokemon species data for name: floette-red: 404
    at <unknown> (.next/server/app/pokemon/[name]/[game]/[dex]/page.js:2:7688)
Error generating metadata: Error: Failed to fetch Pokemon species data for name: floette-red: 404
    at <unknown> (.next/server/app/pokemon/[name]/[game]/[dex]/page.js:2:7688)
Error loading Pokémon data: Error: Failed to fetch Pokemon species data for name: floette-blue: 404
    at <unknown> (.next/server/app/pokemon/[name]/[game]/[dex]/page.js:2:7688)
Error generating metadata: Error: Failed to fetch Pokemon species data for name: floette-blue: 404
    at <unknown> (.next/server/app/pokemon/[name]/[game]/[dex]/page.js:2:7688)
Error loading Pokémon data: Error: Failed to fetch Pokemon species data for name: floette-yellow: 404
    at <unknown> (.next/server/app/pokemon/[name]/[game]/[dex]/page.js:2:7688)
Error generating metadata: Error: Failed to fetch Pokemon species data for name: floette-yellow: 404
    at <unknown> (.next/server/app/pokemon/[name]/[game]/[dex]/page.js:2:7688)
Error loading Pokémon data: Error: Failed to fetch Pokemon species data for name: floette-white: 404
    at <unknown> (.next/server/app/pokemon/[name]/[game]/[dex]/page.js:2:7688)
Error generating metadata: Error: Failed to fetch Pokemon species data for name: floette-white: 404
    at <unknown> (.next/server/app/pokemon/[name]/[game]/[dex]/page.js:2:7688)
Error loading Pokémon data: Error: Failed to fetch Pokemon species data for name: floette-eternal: 404
    at <unknown> (.next/server/app/pokemon/[name]/[game]/[dex]/page.js:2:7688)
Error generating metadata: Error: Failed to fetch Pokemon species data for name: floette-eternal: 404
    at <unknown> (.next/server/app/pokemon/[name]/[game]/[dex]/page.js:2:7688)
Error loading Pokemon: Error: Failed to fetch Pokemon species data for name: urshifu-rapid-strike: 404
    at <unknown> (.next/server/app/pokemon/[name]/page.js:1:716)
Error loading Pokemon: Error: Failed to fetch Pokemon species data for name: urshifu-single-strike: 404
    at <unknown> (.next/server/app/pokemon/[name]/page.js:1:716)
Error loading Pokemon: Error: Failed to fetch Pokemon species data for name: urshifu-rapid-strike: 404
    at <unknown> (.next/server/app/pokemon/[name]/page.js:1:716)
Error loading Pokemon: Error: Failed to fetch Pokemon species data for name: zarude-dada: 404
    at <unknown> (.next/server/app/pokemon/[name]/page.js:1:716)
Error loading Pokemon: Error: Failed to fetch Pokemon species data for name: calyrex-shadow: 404
    at <unknown> (.next/server/app/pokemon/[name]/page.js:1:716)
Error loading Pokemon: Error: Failed to fetch Pokemon species data for name: ursaluna-bloodmoon: 404
    at <unknown> (.next/server/app/pokemon/[name]/page.js:1:716)
Error loading Pokemon: Error: Failed to fetch Pokemon species data for name: enamorus-therian: 404
    at <unknown> (.next/server/app/pokemon/[name]/page.js:1:716)
Error loading Pokémon data: Error: Failed to fetch Pokemon species data for name: eternatus-eternamax: 404
    at <unknown> (.next/server/app/pokemon/[name]/[game]/[dex]/page.js:2:7688)
Error generating metadata: Error: Failed to fetch Pokemon species data for name: eternatus-eternamax: 404
    at <unknown> (.next/server/app/pokemon/[name]/[game]/[dex]/page.js:2:7688)
Error loading Pokémon data: Error: Failed to fetch Pokemon species data for name: gimmighoul-chest: 404
    at <unknown> (.next/server/app/pokemon/[name]/[game]/[dex]/page.js:2:7688)
Error generating metadata: Error: Failed to fetch Pokemon species data for name: gimmighoul-chest: 404
    at <unknown> (.next/server/app/pokemon/[name]/[game]/[dex]/page.js:2:7688)
Error loading Pokemon: Error: Failed to fetch Pokemon species data for name: maushold-family-of-three: 404
    at <unknown> (.next/server/app/pokemon/[name]/page.js:1:716)
Error loading Pokémon data: Error: Failed to fetch Pokemon species data for name: gimmighoul-roaming: 404
    at <unknown> (.next/server/app/pokemon/[name]/[game]/[dex]/page.js:2:7688)
Error generating metadata: Error: Failed to fetch Pokemon species data for name: gimmighoul-roaming: 404
    at <unknown> (.next/server/app/pokemon/[name]/[game]/[dex]/page.js:2:7688)
Error loading Pokemon: Error: Failed to fetch Pokemon species data for name: squawkabilly-blue-plumage: 404
    at <unknown> (.next/server/app/pokemon/[name]/page.js:1:716)
Error loading Pokémon data: Error: Failed to fetch Pokemon species data for name: castform-snowy: 404
    at <unknown> (.next/server/app/pokemon/[name]/[game]/[dex]/page.js:2:7688)
Error generating metadata: Error: Failed to fetch Pokemon species data for name: castform-snowy: 404
    at <unknown> (.next/server/app/pokemon/[name]/[game]/[dex]/page.js:2:7688)
Error loading Pokemon: Error: Failed to fetch Pokemon species data for name: squawkabilly-yellow-plumage: 404
    at <unknown> (.next/server/app/pokemon/[name]/page.js:1:716)
Error loading Pokémon data: Error: Failed to fetch Pokemon species data for name: castform-rainy: 404
    at <unknown> (.next/server/app/pokemon/[name]/[game]/[dex]/page.js:2:7688)
Error generating metadata: Error: Failed to fetch Pokemon species data for name: castform-rainy: 404
    at <unknown> (.next/server/app/pokemon/[name]/[game]/[dex]/page.js:2:7688)
Error loading Pokémon data: Error: Failed to fetch Pokemon species data for name: castform-sunny: 404
    at <unknown> (.next/server/app/pokemon/[name]/[game]/[dex]/page.js:2:7688)
Error generating metadata: Error: Failed to fetch Pokemon species data for name: castform-sunny: 404
    at <unknown> (.next/server/app/pokemon/[name]/[game]/[dex]/page.js:2:7688)
Error loading Pokémon data: Error: Failed to fetch Pokemon species data for name: pikachu-belle: 404
    at <unknown> (.next/server/app/pokemon/[name]/[game]/[dex]/page.js:2:7688)
Error generating metadata: Error: Failed to fetch Pokemon species data for name: pikachu-belle: 404
    at <unknown> (.next/server/app/pokemon/[name]/[game]/[dex]/page.js:2:7688)
Error loading Pokémon data: Error: Failed to fetch Pokemon species data for name: pikachu-pop-star: 404
    at <unknown> (.next/server/app/pokemon/[name]/[game]/[dex]/page.js:2:7688)
Error generating metadata: Error: Failed to fetch Pokemon species data for name: pikachu-pop-star: 404
    at <unknown> (.next/server/app/pokemon/[name]/[game]/[dex]/page.js:2:7688)
Error loading Pokémon data: Error: Failed to fetch Pokemon species data for name: pikachu-rock-star: 404
    at <unknown> (.next/server/app/pokemon/[name]/[game]/[dex]/page.js:2:7688)
Error generating metadata: Error: Failed to fetch Pokemon species data for name: pikachu-rock-star: 404
    at <unknown> (.next/server/app/pokemon/[name]/[game]/[dex]/page.js:2:7688)
Error loading Pokémon data: Error: Failed to fetch Pokemon species data for name: pikachu-phd: 404
    at <unknown> (.next/server/app/pokemon/[name]/[game]/[dex]/page.js:2:7688)
Error generating metadata: Error: Failed to fetch Pokemon species data for name: pikachu-phd: 404
    at <unknown> (.next/server/app/pokemon/[name]/[game]/[dex]/page.js:2:7688)
Error loading Pokémon data: Error: Failed to fetch Pokemon species data for name: pikachu-libre: 404
    at <unknown> (.next/server/app/pokemon/[name]/[game]/[dex]/page.js:2:7688)
Error generating metadata: Error: Failed to fetch Pokemon species data for name: pikachu-libre: 404
    at <unknown> (.next/server/app/pokemon/[name]/[game]/[dex]/page.js:2:7688)
Error loading Pokémon data: Error: Failed to fetch Pokemon species data for name: pikachu-cosplay: 404
    at <unknown> (.next/server/app/pokemon/[name]/[game]/[dex]/page.js:2:7688)
Error generating metadata: Error: Failed to fetch Pokemon species data for name: pikachu-cosplay: 404
    at <unknown> (.next/server/app/pokemon/[name]/[game]/[dex]/page.js:2:7688)
Error loading Pokémon data: Error: Failed to fetch Pokemon species data for name: pikachu-original-cap: 404
    at <unknown> (.next/server/app/pokemon/[name]/[game]/[dex]/page.js:2:7688)
Error generating metadata: Error: Failed to fetch Pokemon species data for name: pikachu-original-cap: 404
    at <unknown> (.next/server/app/pokemon/[name]/[game]/[dex]/page.js:2:7688)
Error loading Pokémon data: Error: Failed to fetch Pokemon species data for name: greninja-battle-bond: 404
    at <unknown> (.next/server/app/pokemon/[name]/[game]/[dex]/page.js:2:7688)
Error generating metadata: Error: Failed to fetch Pokemon species data for name: greninja-battle-bond: 404
    at <unknown> (.next/server/app/pokemon/[name]/[game]/[dex]/page.js:2:7688)
Error loading Pokémon data: Error: Failed to fetch Pokemon species data for name: greninja-ash: 404
    at <unknown> (.next/server/app/pokemon/[name]/[game]/[dex]/page.js:2:7688)
Error generating metadata: Error: Failed to fetch Pokemon species data for name: greninja-ash: 404
    at <unknown> (.next/server/app/pokemon/[name]/[game]/[dex]/page.js:2:7688)
Error loading Pokémon data: Error: Failed to fetch Pokemon species data for name: pikachu-unova-cap: 404
    at <unknown> (.next/server/app/pokemon/[name]/[game]/[dex]/page.js:2:7688)
Error generating metadata: Error: Failed to fetch Pokemon species data for name: pikachu-unova-cap: 404
    at <unknown> (.next/server/app/pokemon/[name]/[game]/[dex]/page.js:2:7688)
Error loading Pokémon data: Error: Failed to fetch Pokemon species data for name: pikachu-sinnoh-cap: 404
    at <unknown> (.next/server/app/pokemon/[name]/[game]/[dex]/page.js:2:7688)
Error generating metadata: Error: Failed to fetch Pokemon species data for name: pikachu-sinnoh-cap: 404
    at <unknown> (.next/server/app/pokemon/[name]/[game]/[dex]/page.js:2:7688)
Error loading Pokémon data: Error: Failed to fetch Pokemon species data for name: pikachu-alola-cap: 404
    at <unknown> (.next/server/app/pokemon/[name]/[game]/[dex]/page.js:2:7688)
Error generating metadata: Error: Failed to fetch Pokemon species data for name: pikachu-alola-cap: 404
    at <unknown> (.next/server/app/pokemon/[name]/[game]/[dex]/page.js:2:7688)
Error loading Pokémon data: Error: Failed to fetch Pokemon species data for name: cramorant-gulping: 404
    at <unknown> (.next/server/app/pokemon/[name]/[game]/[dex]/page.js:2:7688)
Error generating metadata: Error: Failed to fetch Pokemon species data for name: cramorant-gulping: 404
    at <unknown> (.next/server/app/pokemon/[name]/[game]/[dex]/page.js:2:7688)
Error loading Pokémon data: Error: Failed to fetch Pokemon species data for name: cramorant-gorging: 404
    at <unknown> (.next/server/app/pokemon/[name]/[game]/[dex]/page.js:2:7688)
Error generating metadata: Error: Failed to fetch Pokemon species data for name: cramorant-gorging: 404
    at <unknown> (.next/server/app/pokemon/[name]/[game]/[dex]/page.js:2:7688)
Error loading Pokémon data: Error: Failed to fetch Pokemon species data for name: pikachu-world-cap: 404
    at <unknown> (.next/server/app/pokemon/[name]/[game]/[dex]/page.js:2:7688)
Error generating metadata: Error: Failed to fetch Pokemon species data for name: pikachu-world-cap: 404
    at <unknown> (.next/server/app/pokemon/[name]/[game]/[dex]/page.js:2:7688)
Error loading Pokémon data: Error: Failed to fetch Pokemon species data for name: pikachu-partner-cap: 404
    at <unknown> (.next/server/app/pokemon/[name]/[game]/[dex]/page.js:2:7688)
Error generating metadata: Error: Failed to fetch Pokemon species data for name: pikachu-partner-cap: 404
    at <unknown> (.next/server/app/pokemon/[name]/[game]/[dex]/page.js:2:7688)
Error loading Pokémon data: Error: Failed to fetch Pokemon species data for name: pikachu-starter: 404
    at <unknown> (.next/server/app/pokemon/[name]/[game]/[dex]/page.js:2:7688)
Error generating metadata: Error: Failed to fetch Pokemon species data for name: pikachu-starter: 404
    at <unknown> (.next/server/app/pokemon/[name]/[game]/[dex]/page.js:2:7688)
Error loading Pokémon data: Error: Failed to fetch Pokemon species data for name: koraidon-apex-build: 404
    at <unknown> (.next/server/app/pokemon/[name]/[game]/[dex]/page.js:2:7688)
Error generating metadata: Error: Failed to fetch Pokemon species data for name: koraidon-apex-build: 404
    at <unknown> (.next/server/app/pokemon/[name]/[game]/[dex]/page.js:2:7688)
Error loading Pokémon data: Error: Failed to fetch Pokemon species data for name: koraidon-limited-build: 404
    at <unknown> (.next/server/app/pokemon/[name]/[game]/[dex]/page.js:2:7688)
Error generating metadata: Error: Failed to fetch Pokemon species data for name: koraidon-limited-build: 404
    at <unknown> (.next/server/app/pokemon/[name]/[game]/[dex]/page.js:2:7688)
Error loading Pokémon data: Error: Failed to fetch Pokemon species data for name: koraidon-swimming-build: 404
    at <unknown> (.next/server/app/pokemon/[name]/[game]/[dex]/page.js:2:7688)
Error generating metadata: Error: Failed to fetch Pokemon species data for name: koraidon-swimming-build: 404
    at <unknown> (.next/server/app/pokemon/[name]/[game]/[dex]/page.js:2:7688)
Error loading Pokémon data: Error: Failed to fetch Pokemon species data for name: koraidon-sprinting-build: 404
    at <unknown> (.next/server/app/pokemon/[name]/[game]/[dex]/page.js:2:7688)
Error generating metadata: Error: Failed to fetch Pokemon species data for name: koraidon-sprinting-build: 404
    at <unknown> (.next/server/app/pokemon/[name]/[game]/[dex]/page.js:2:7688)
Error loading Pokémon data: Error: Failed to fetch Pokemon species data for name: miraidon-low-power-mode: 404
    at <unknown> (.next/server/app/pokemon/[name]/[game]/[dex]/page.js:2:7688)
Error generating metadata: Error: Failed to fetch Pokemon species data for name: miraidon-low-power-mode: 404
    at <unknown> (.next/server/app/pokemon/[name]/[game]/[dex]/page.js:2:7688)
Error loading Pokémon data: Error: Failed to fetch Pokemon species data for name: miraidon-drive-mode: 404
    at <unknown> (.next/server/app/pokemon/[name]/[game]/[dex]/page.js:2:7688)
Error generating metadata: Error: Failed to fetch Pokemon species data for name: miraidon-drive-mode: 404
    at <unknown> (.next/server/app/pokemon/[name]/[game]/[dex]/page.js:2:7688)
Error loading Pokémon data: Error: Failed to fetch Pokemon species data for name: miraidon-ultimate-mode: 404
    at <unknown> (.next/server/app/pokemon/[name]/[game]/[dex]/page.js:2:7688)
Error generating metadata: Error: Failed to fetch Pokemon species data for name: miraidon-ultimate-mode: 404
    at <unknown> (.next/server/app/pokemon/[name]/[game]/[dex]/page.js:2:7688)
Error loading Pokémon data: Error: Failed to fetch Pokemon species data for name: koraidon-gliding-build: 404
    at <unknown> (.next/server/app/pokemon/[name]/[game]/[dex]/page.js:2:7688)
Error generating metadata: Error: Failed to fetch Pokemon species data for name: koraidon-gliding-build: 404
    at <unknown> (.next/server/app/pokemon/[name]/[game]/[dex]/page.js:2:7688)
Error loading Pokémon data: Error: Failed to fetch Pokemon species data for name: miraidon-aquatic-mode: 404
    at <unknown> (.next/server/app/pokemon/[name]/[game]/[dex]/page.js:2:7688)
Error generating metadata: Error: Failed to fetch Pokemon species data for name: miraidon-aquatic-mode: 404
    at <unknown> (.next/server/app/pokemon/[name]/[game]/[dex]/page.js:2:7688)
Error loading Pokémon data: Error: Failed to fetch Pokemon species data for name: miraidon-glide-mode: 404
    at <unknown> (.next/server/app/pokemon/[name]/[game]/[dex]/page.js:2:7688)
Error generating metadata: Error: Failed to fetch Pokemon species data for name: miraidon-glide-mode: 404
    at <unknown> (.next/server/app/pokemon/[name]/[game]/[dex]/page.js:2:7688)
Error loading Pokémon data: Error: Failed to fetch Pokemon species data for name: morpeko-hangry: 404
    at <unknown> (.next/server/app/pokemon/[name]/[game]/[dex]/page.js:2:7688)
Error generating metadata: Error: Failed to fetch Pokemon species data for name: morpeko-hangry: 404
    at <unknown> (.next/server/app/pokemon/[name]/[game]/[dex]/page.js:2:7688)
Error loading Pokémon data: Error: Failed to fetch Pokemon species data for name: urshifu-rapid-strike: 404
    at <unknown> (.next/server/app/pokemon/[name]/[game]/[dex]/page.js:2:7688)
Error generating metadata: Error: Failed to fetch Pokemon species data for name: urshifu-rapid-strike: 404
    at <unknown> (.next/server/app/pokemon/[name]/[game]/[dex]/page.js:2:7688)
Error loading Pokémon data: Error: Failed to fetch Pokemon species data for name: urshifu-single-strike: 404
    at <unknown> (.next/server/app/pokemon/[name]/[game]/[dex]/page.js:2:7688)
Error generating metadata: Error: Failed to fetch Pokemon species data for name: urshifu-single-strike: 404
    at <unknown> (.next/server/app/pokemon/[name]/[game]/[dex]/page.js:2:7688)
Error loading Pokémon data: Error: Failed to fetch Pokemon species data for name: urshifu-rapid-strike: 404
    at <unknown> (.next/server/app/pokemon/[name]/[game]/[dex]/page.js:2:7688)
Error generating metadata: Error: Failed to fetch Pokemon species data for name: urshifu-rapid-strike: 404
    at <unknown> (.next/server/app/pokemon/[name]/[game]/[dex]/page.js:2:7688)
Error loading Pokémon data: Error: Failed to fetch Pokemon species data for name: zarude-dada: 404
    at <unknown> (.next/server/app/pokemon/[name]/[game]/[dex]/page.js:2:7688)
Error generating metadata: Error: Failed to fetch Pokemon species data for name: zarude-dada: 404
    at <unknown> (.next/server/app/pokemon/[name]/[game]/[dex]/page.js:2:7688)
Error loading Pokémon data: Error: Failed to fetch Pokemon species data for name: floette-orange: 404
    at <unknown> (.next/server/app/pokemon/[name]/[game]/[dex]/page.js:2:7688)
Error generating metadata: Error: Failed to fetch Pokemon species data for name: floette-orange: 404
    at <unknown> (.next/server/app/pokemon/[name]/[game]/[dex]/page.js:2:7688)
Error loading Pokémon data: Error: Failed to fetch Pokemon species data for name: floette-red: 404
    at <unknown> (.next/server/app/pokemon/[name]/[game]/[dex]/page.js:2:7688)
Error generating metadata: Error: Failed to fetch Pokemon species data for name: floette-red: 404
    at <unknown> (.next/server/app/pokemon/[name]/[game]/[dex]/page.js:2:7688)
Error loading Pokémon data: Error: Failed to fetch Pokemon species data for name: floette-yellow: 404
    at <unknown> (.next/server/app/pokemon/[name]/[game]/[dex]/page.js:2:7688)
Error generating metadata: Error: Failed to fetch Pokemon species data for name: floette-yellow: 404
    at <unknown> (.next/server/app/pokemon/[name]/[game]/[dex]/page.js:2:7688)
Error loading Pokémon data: Error: Failed to fetch Pokemon species data for name: floette-blue: 404
    at <unknown> (.next/server/app/pokemon/[name]/[game]/[dex]/page.js:2:7688)
Error generating metadata: Error: Failed to fetch Pokemon species data for name: floette-blue: 404
    at <unknown> (.next/server/app/pokemon/[name]/[game]/[dex]/page.js:2:7688)
Error loading Pokémon data: Error: Failed to fetch Pokemon species data for name: floette-eternal: 404
    at <unknown> (.next/server/app/pokemon/[name]/[game]/[dex]/page.js:2:7688)
Error generating metadata: Error: Failed to fetch Pokemon species data for name: floette-eternal: 404
    at <unknown> (.next/server/app/pokemon/[name]/[game]/[dex]/page.js:2:7688)
Error loading Pokémon data: Error: Failed to fetch Pokemon species data for name: floette-white: 404
    at <unknown> (.next/server/app/pokemon/[name]/[game]/[dex]/page.js:2:7688)
Error generating metadata: Error: Failed to fetch Pokemon species data for name: floette-white: 404
    at <unknown> (.next/server/app/pokemon/[name]/[game]/[dex]/page.js:2:7688)
Error loading Pokémon data: Error: Failed to fetch Pokemon species data for name: pikachu-belle: 404
    at <unknown> (.next/server/app/pokemon/[name]/[game]/[dex]/page.js:2:7688)
Error generating metadata: Error: Failed to fetch Pokemon species data for name: pikachu-belle: 404
    at <unknown> (.next/server/app/pokemon/[name]/[game]/[dex]/page.js:2:7688)
Error loading Pokémon data: Error: Failed to fetch Pokemon species data for name: pikachu-pop-star: 404
    at <unknown> (.next/server/app/pokemon/[name]/[game]/[dex]/page.js:2:7688)
Error generating metadata: Error: Failed to fetch Pokemon species data for name: pikachu-pop-star: 404
    at <unknown> (.next/server/app/pokemon/[name]/[game]/[dex]/page.js:2:7688)
Error loading Pokémon data: Error: Failed to fetch Pokemon species data for name: pikachu-rock-star: 404
    at <unknown> (.next/server/app/pokemon/[name]/[game]/[dex]/page.js:2:7688)
Error generating metadata: Error: Failed to fetch Pokemon species data for name: pikachu-rock-star: 404
    at <unknown> (.next/server/app/pokemon/[name]/[game]/[dex]/page.js:2:7688)
Error loading Pokémon data: Error: Failed to fetch Pokemon species data for name: pikachu-phd: 404
    at <unknown> (.next/server/app/pokemon/[name]/[game]/[dex]/page.js:2:7688)
Error generating metadata: Error: Failed to fetch Pokemon species data for name: pikachu-phd: 404
    at <unknown> (.next/server/app/pokemon/[name]/[game]/[dex]/page.js:2:7688)
Error loading Pokémon data: Error: Failed to fetch Pokemon species data for name: pikachu-cosplay: 404
    at <unknown> (.next/server/app/pokemon/[name]/[game]/[dex]/page.js:2:7688)
Error generating metadata: Error: Failed to fetch Pokemon species data for name: pikachu-cosplay: 404
    at <unknown> (.next/server/app/pokemon/[name]/[game]/[dex]/page.js:2:7688)
Error loading Pokémon data: Error: Failed to fetch Pokemon species data for name: pikachu-libre: 404
    at <unknown> (.next/server/app/pokemon/[name]/[game]/[dex]/page.js:2:7688)
Error generating metadata: Error: Failed to fetch Pokemon species data for name: pikachu-libre: 404
    at <unknown> (.next/server/app/pokemon/[name]/[game]/[dex]/page.js:2:7688)
Error loading Pokémon data: Error: Failed to fetch Pokemon species data for name: pikachu-original-cap: 404
    at <unknown> (.next/server/app/pokemon/[name]/[game]/[dex]/page.js:2:7688)
Error generating metadata: Error: Failed to fetch Pokemon species data for name: pikachu-original-cap: 404
    at <unknown> (.next/server/app/pokemon/[name]/[game]/[dex]/page.js:2:7688)
Error loading Pokémon data: Error: Failed to fetch Pokemon species data for name: rockruff-own-tempo: 404
    at <unknown> (.next/server/app/pokemon/[name]/[game]/[dex]/page.js:2:7688)
Error generating metadata: Error: Failed to fetch Pokemon species data for name: rockruff-own-tempo: 404
    at <unknown> (.next/server/app/pokemon/[name]/[game]/[dex]/page.js:2:7688)
Error loading Pokémon data: Error: Failed to fetch Pokemon species data for name: pikachu-sinnoh-cap: 404
    at <unknown> (.next/server/app/pokemon/[name]/[game]/[dex]/page.js:2:7688)
Error generating metadata: Error: Failed to fetch Pokemon species data for name: pikachu-sinnoh-cap: 404
    at <unknown> (.next/server/app/pokemon/[name]/[game]/[dex]/page.js:2:7688)
Error loading Pokémon data: Error: Failed to fetch Pokemon species data for name: pikachu-unova-cap: 404
    at <unknown> (.next/server/app/pokemon/[name]/[game]/[dex]/page.js:2:7688)
Error generating metadata: Error: Failed to fetch Pokemon species data for name: pikachu-unova-cap: 404
    at <unknown> (.next/server/app/pokemon/[name]/[game]/[dex]/page.js:2:7688)
Error loading Pokémon data: Error: Failed to fetch Pokemon species data for name: pikachu-partner-cap: 404
    at <unknown> (.next/server/app/pokemon/[name]/[game]/[dex]/page.js:2:7688)
Error generating metadata: Error: Failed to fetch Pokemon species data for name: pikachu-partner-cap: 404
    at <unknown> (.next/server/app/pokemon/[name]/[game]/[dex]/page.js:2:7688)
Error loading Pokémon data: Error: Failed to fetch Pokemon species data for name: pikachu-alola-cap: 404
    at <unknown> (.next/server/app/pokemon/[name]/[game]/[dex]/page.js:2:7688)
Error generating metadata: Error: Failed to fetch Pokemon species data for name: pikachu-alola-cap: 404
    at <unknown> (.next/server/app/pokemon/[name]/[game]/[dex]/page.js:2:7688)
Error loading Pokémon data: Error: Failed to fetch Pokemon species data for name: pikachu-starter: 404
    at <unknown> (.next/server/app/pokemon/[name]/[game]/[dex]/page.js:2:7688)
Error generating metadata: Error: Failed to fetch Pokemon species data for name: pikachu-starter: 404
    at <unknown> (.next/server/app/pokemon/[name]/[game]/[dex]/page.js:2:7688)
Error loading Pokémon data: Error: Failed to fetch Pokemon species data for name: pikachu-world-cap: 404
    at <unknown> (.next/server/app/pokemon/[name]/[game]/[dex]/page.js:2:7688)
Error generating metadata: Error: Failed to fetch Pokemon species data for name: pikachu-world-cap: 404
    at <unknown> (.next/server/app/pokemon/[name]/[game]/[dex]/page.js:2:7688)
Error loading Pokémon data: Error: Failed to fetch Pokemon species data for name: aegislash-blade: 404
    at <unknown> (.next/server/app/pokemon/[name]/[game]/[dex]/page.js:2:7688)
Error generating metadata: Error: Failed to fetch Pokemon species data for name: aegislash-blade: 404
    at <unknown> (.next/server/app/pokemon/[name]/[game]/[dex]/page.js:2:7688)
Error loading Pokémon data: Error: Failed to fetch Pokemon species data for name: eevee-starter: 404
    at <unknown> (.next/server/app/pokemon/[name]/[game]/[dex]/page.js:2:7688)
Error generating metadata: Error: Failed to fetch Pokemon species data for name: eevee-starter: 404
    at <unknown> (.next/server/app/pokemon/[name]/[game]/[dex]/page.js:2:7688)
Error loading Pokémon data: Error: Failed to fetch Pokemon species data for name: raticate-totem: 404
    at <unknown> (.next/server/app/pokemon/[name]/[game]/[dex]/page.js:2:7688)
Error generating metadata: Error: Failed to fetch Pokemon species data for name: raticate-totem: 404
    at <unknown> (.next/server/app/pokemon/[name]/[game]/[dex]/page.js:2:7688)
Error loading Pokémon data: Error: Failed to fetch Pokemon species data for name: raticate-totem: 404
    at <unknown> (.next/server/app/pokemon/[name]/[game]/[dex]/page.js:2:7688)
Error generating metadata: Error: Failed to fetch Pokemon species data for name: raticate-totem: 404
    at <unknown> (.next/server/app/pokemon/[name]/[game]/[dex]/page.js:2:7688)
Error loading Pokémon data: Error: Failed to fetch Pokemon species data for name: eevee-starter: 404
    at <unknown> (.next/server/app/pokemon/[name]/[game]/[dex]/page.js:2:7688)
Error generating metadata: Error: Failed to fetch Pokemon species data for name: eevee-starter: 404
    at <unknown> (.next/server/app/pokemon/[name]/[game]/[dex]/page.js:2:7688)
Error loading Pokémon data: Error: Failed to fetch Pokemon species data for name: eevee-starter: 404
    at <unknown> (.next/server/app/pokemon/[name]/[game]/[dex]/page.js:2:7688)
Error generating metadata: Error: Failed to fetch Pokemon species data for name: eevee-starter: 404
    at <unknown> (.next/server/app/pokemon/[name]/[game]/[dex]/page.js:2:7688)
Error loading Pokémon data: Error: Failed to fetch Pokemon species data for name: basculin-white-striped: 404
    at <unknown> (.next/server/app/pokemon/[name]/[game]/[dex]/page.js:2:7688)
Error generating metadata: Error: Failed to fetch Pokemon species data for name: basculin-white-striped: 404
    at <unknown> (.next/server/app/pokemon/[name]/[game]/[dex]/page.js:2:7688)
Error loading Pokémon data: Error: Failed to fetch Pokemon species data for name: basculin-blue-striped: 404
    at <unknown> (.next/server/app/pokemon/[name]/[game]/[dex]/page.js:2:7688)
Error generating metadata: Error: Failed to fetch Pokemon species data for name: basculin-blue-striped: 404
    at <unknown> (.next/server/app/pokemon/[name]/[game]/[dex]/page.js:2:7688)
Error loading Pokémon data: Error: Failed to fetch Pokemon species data for name: darmanitan-zen: 404
    at <unknown> (.next/server/app/pokemon/[name]/[game]/[dex]/page.js:2:7688)
Error generating metadata: Error: Failed to fetch Pokemon species data for name: darmanitan-zen: 404
    at <unknown> (.next/server/app/pokemon/[name]/[game]/[dex]/page.js:2:7688)
Error loading Pokémon data: Error: Failed to fetch Pokemon species data for name: darmanitan-galar: 404
    at <unknown> (.next/server/app/pokemon/[name]/[game]/[dex]/page.js:2:7688)
Error generating metadata: Error: Failed to fetch Pokemon species data for name: darmanitan-galar: 404
    at <unknown> (.next/server/app/pokemon/[name]/[game]/[dex]/page.js:2:7688)
Error loading Pokémon data: Error: Failed to fetch Pokemon species data for name: darmanitan-galar-zen: 404
    at <unknown> (.next/server/app/pokemon/[name]/[game]/[dex]/page.js:2:7688)
Error generating metadata: Error: Failed to fetch Pokemon species data for name: darmanitan-galar-zen: 404
    at <unknown> (.next/server/app/pokemon/[name]/[game]/[dex]/page.js:2:7688)
Error loading Pokémon data: Error: Failed to fetch Pokemon species data for name: basculin-blue-striped: 404
    at <unknown> (.next/server/app/pokemon/[name]/[game]/[dex]/page.js:2:7688)
Error generating metadata: Error: Failed to fetch Pokemon species data for name: basculin-blue-striped: 404
    at <unknown> (.next/server/app/pokemon/[name]/[game]/[dex]/page.js:2:7688)
Error loading Pokémon data: Error: Failed to fetch Pokemon species data for name: basculin-white-striped: 404
    at <unknown> (.next/server/app/pokemon/[name]/[game]/[dex]/page.js:2:7688)
Error generating metadata: Error: Failed to fetch Pokemon species data for name: basculin-white-striped: 404
    at <unknown> (.next/server/app/pokemon/[name]/[game]/[dex]/page.js:2:7688)
Error loading Pokémon data: Error: Failed to fetch Pokemon species data for name: castform-snowy: 404
    at <unknown> (.next/server/app/pokemon/[name]/[game]/[dex]/page.js:2:7688)
Error generating metadata: Error: Failed to fetch Pokemon species data for name: castform-snowy: 404
    at <unknown> (.next/server/app/pokemon/[name]/[game]/[dex]/page.js:2:7688)
Error loading Pokémon data: Error: Failed to fetch Pokemon species data for name: castform-sunny: 404
    at <unknown> (.next/server/app/pokemon/[name]/[game]/[dex]/page.js:2:7688)
Error generating metadata: Error: Failed to fetch Pokemon species data for name: castform-sunny: 404
    at <unknown> (.next/server/app/pokemon/[name]/[game]/[dex]/page.js:2:7688)
Error loading Pokémon data: Error: Failed to fetch Pokemon species data for name: castform-rainy: 404
    at <unknown> (.next/server/app/pokemon/[name]/[game]/[dex]/page.js:2:7688)
Error generating metadata: Error: Failed to fetch Pokemon species data for name: castform-rainy: 404
    at <unknown> (.next/server/app/pokemon/[name]/[game]/[dex]/page.js:2:7688)
Error loading Pokémon data: Error: Failed to fetch Pokemon species data for name: castform-snowy: 404
    at <unknown> (.next/server/app/pokemon/[name]/[game]/[dex]/page.js:2:7688)
Error generating metadata: Error: Failed to fetch Pokemon species data for name: castform-snowy: 404
    at <unknown> (.next/server/app/pokemon/[name]/[game]/[dex]/page.js:2:7688)
Error loading Pokémon data: Error: Failed to fetch Pokemon species data for name: castform-sunny: 404
    at <unknown> (.next/server/app/pokemon/[name]/[game]/[dex]/page.js:2:7688)
Error generating metadata: Error: Failed to fetch Pokemon species data for name: castform-sunny: 404
    at <unknown> (.next/server/app/pokemon/[name]/[game]/[dex]/page.js:2:7688)
Error loading Pokémon data: Error: Failed to fetch Pokemon species data for name: castform-rainy: 404
    at <unknown> (.next/server/app/pokemon/[name]/[game]/[dex]/page.js:2:7688)
Error generating metadata: Error: Failed to fetch Pokemon species data for name: castform-rainy: 404
    at <unknown> (.next/server/app/pokemon/[name]/[game]/[dex]/page.js:2:7688)
Error loading Pokémon data: Error: Failed to fetch Pokemon species data for name: rockruff-own-tempo: 404
    at <unknown> (.next/server/app/pokemon/[name]/[game]/[dex]/page.js:2:7688)
Error generating metadata: Error: Failed to fetch Pokemon species data for name: rockruff-own-tempo: 404
    at <unknown> (.next/server/app/pokemon/[name]/[game]/[dex]/page.js:2:7688)
Error loading Pokémon data: Error: Failed to fetch Pokemon species data for name: basculin-blue-striped: 404
    at <unknown> (.next/server/app/pokemon/[name]/[game]/[dex]/page.js:2:7688)
Error generating metadata: Error: Failed to fetch Pokemon species data for name: basculin-blue-striped: 404
    at <unknown> (.next/server/app/pokemon/[name]/[game]/[dex]/page.js:2:7688)
Error loading Pokémon data: Error: Failed to fetch Pokemon species data for name: mimikyu-totem-busted: 404
    at <unknown> (.next/server/app/pokemon/[name]/[game]/[dex]/page.js:2:7688)
Error generating metadata: Error: Failed to fetch Pokemon species data for name: mimikyu-totem-busted: 404
    at <unknown> (.next/server/app/pokemon/[name]/[game]/[dex]/page.js:2:7688)
Error loading Pokémon data: Error: Failed to fetch Pokemon species data for name: mimikyu-busted: 404
    at <unknown> (.next/server/app/pokemon/[name]/[game]/[dex]/page.js:2:7688)
Error generating metadata: Error: Failed to fetch Pokemon species data for name: mimikyu-busted: 404
    at <unknown> (.next/server/app/pokemon/[name]/[game]/[dex]/page.js:2:7688)
Error loading Pokémon data: Error: Failed to fetch Pokemon species data for name: mimikyu-totem: 404
    at <unknown> (.next/server/app/pokemon/[name]/[game]/[dex]/page.js:2:7688)
Error generating metadata: Error: Failed to fetch Pokemon species data for name: mimikyu-totem: 404
    at <unknown> (.next/server/app/pokemon/[name]/[game]/[dex]/page.js:2:7688)
Error loading Pokémon data: Error: Failed to fetch Pokemon species data for name: basculin-white-striped: 404
    at <unknown> (.next/server/app/pokemon/[name]/[game]/[dex]/page.js:2:7688)
Error generating metadata: Error: Failed to fetch Pokemon species data for name: basculin-white-striped: 404
    at <unknown> (.next/server/app/pokemon/[name]/[game]/[dex]/page.js:2:7688)
Error loading Pokémon data: Error: Failed to fetch Pokemon species data for name: mimikyu-totem: 404
    at <unknown> (.next/server/app/pokemon/[name]/[game]/[dex]/page.js:2:7688)
Error generating metadata: Error: Failed to fetch Pokemon species data for name: mimikyu-totem: 404
    at <unknown> (.next/server/app/pokemon/[name]/[game]/[dex]/page.js:2:7688)
Error loading Pokémon data: Error: Failed to fetch Pokemon species data for name: mimikyu-busted: 404
    at <unknown> (.next/server/app/pokemon/[name]/[game]/[dex]/page.js:2:7688)
Error generating metadata: Error: Failed to fetch Pokemon species data for name: mimikyu-busted: 404
    at <unknown> (.next/server/app/pokemon/[name]/[game]/[dex]/page.js:2:7688)
Error loading Pokémon data: Error: Failed to fetch Pokemon species data for name: mimikyu-totem-busted: 404
    at <unknown> (.next/server/app/pokemon/[name]/[game]/[dex]/page.js:2:7688)
Error generating metadata: Error: Failed to fetch Pokemon species data for name: mimikyu-totem-busted: 404
    at <unknown> (.next/server/app/pokemon/[name]/[game]/[dex]/page.js:2:7688)
Error loading Pokémon data: Error: Failed to fetch Pokemon species data for name: cramorant-gorging: 404
    at <unknown> (.next/server/app/pokemon/[name]/[game]/[dex]/page.js:2:7688)
Error generating metadata: Error: Failed to fetch Pokemon species data for name: cramorant-gorging: 404
    at <unknown> (.next/server/app/pokemon/[name]/[game]/[dex]/page.js:2:7688)
Error loading Pokémon data: Error: Failed to fetch Pokemon species data for name: cramorant-gulping: 404
    at <unknown> (.next/server/app/pokemon/[name]/[game]/[dex]/page.js:2:7688)
Error generating metadata: Error: Failed to fetch Pokemon species data for name: cramorant-gulping: 404
    at <unknown> (.next/server/app/pokemon/[name]/[game]/[dex]/page.js:2:7688)
Error loading Pokémon data: Error: Failed to fetch Pokemon species data for name: morpeko-hangry: 404
    at <unknown> (.next/server/app/pokemon/[name]/[game]/[dex]/page.js:2:7688)
Error generating metadata: Error: Failed to fetch Pokemon species data for name: morpeko-hangry: 404
    at <unknown> (.next/server/app/pokemon/[name]/[game]/[dex]/page.js:2:7688)
Error loading Pokémon data: Error: Failed to fetch Pokemon species data for name: ursaluna-bloodmoon: 404
    at <unknown> (.next/server/app/pokemon/[name]/[game]/[dex]/page.js:2:7688)
Error generating metadata: Error: Failed to fetch Pokemon species data for name: ursaluna-bloodmoon: 404
    at <unknown> (.next/server/app/pokemon/[name]/[game]/[dex]/page.js:2:7688)
Error loading Pokémon data: Error: Failed to fetch Pokemon species data for name: eiscue-noice: 404
    at <unknown> (.next/server/app/pokemon/[name]/[game]/[dex]/page.js:2:7688)
Error generating metadata: Error: Failed to fetch Pokemon species data for name: eiscue-noice: 404
    at <unknown> (.next/server/app/pokemon/[name]/[game]/[dex]/page.js:2:7688)
Error loading Pokémon data: Error: Failed to fetch Pokemon species data for name: morpeko-hangry: 404
    at <unknown> (.next/server/app/pokemon/[name]/[game]/[dex]/page.js:2:7688)
Error generating metadata: Error: Failed to fetch Pokemon species data for name: morpeko-hangry: 404
    at <unknown> (.next/server/app/pokemon/[name]/[game]/[dex]/page.js:2:7688)
Error loading Pokémon data: Error: Failed to fetch Pokemon species data for name: maushold-family-of-three: 404
    at <unknown> (.next/server/app/pokemon/[name]/[game]/[dex]/page.js:2:7688)
Error generating metadata: Error: Failed to fetch Pokemon species data for name: maushold-family-of-three: 404
    at <unknown> (.next/server/app/pokemon/[name]/[game]/[dex]/page.js:2:7688)
Error loading Pokémon data: Error: Failed to fetch Pokemon species data for name: dudunsparce-three-segment: 404
    at <unknown> (.next/server/app/pokemon/[name]/[game]/[dex]/page.js:2:7688)
Error generating metadata: Error: Failed to fetch Pokemon species data for name: dudunsparce-three-segment: 404
    at <unknown> (.next/server/app/pokemon/[name]/[game]/[dex]/page.js:2:7688)
Error loading Pokémon data: Error: Failed to fetch Pokemon species data for name: pikachu-rock-star: 404
    at <unknown> (.next/server/app/pokemon/[name]/[game]/[dex]/page.js:2:7688)
Error generating metadata: Error: Failed to fetch Pokemon species data for name: pikachu-rock-star: 404
    at <unknown> (.next/server/app/pokemon/[name]/[game]/[dex]/page.js:2:7688)
Error loading Pokémon data: Error: Failed to fetch Pokemon species data for name: calyrex-shadow: 404
    at <unknown> (.next/server/app/pokemon/[name]/[game]/[dex]/page.js:2:7688)
Error generating metadata: Error: Failed to fetch Pokemon species data for name: calyrex-shadow: 404
    at <unknown> (.next/server/app/pokemon/[name]/[game]/[dex]/page.js:2:7688)
Error loading Pokémon data: Error: Failed to fetch Pokemon species data for name: pikachu-pop-star: 404
    at <unknown> (.next/server/app/pokemon/[name]/[game]/[dex]/page.js:2:7688)
Error generating metadata: Error: Failed to fetch Pokemon species data for name: pikachu-pop-star: 404
    at <unknown> (.next/server/app/pokemon/[name]/[game]/[dex]/page.js:2:7688)
Error loading Pokémon data: Error: Failed to fetch Pokemon species data for name: pikachu-phd: 404
    at <unknown> (.next/server/app/pokemon/[name]/[game]/[dex]/page.js:2:7688)
Error generating metadata: Error: Failed to fetch Pokemon species data for name: pikachu-phd: 404
    at <unknown> (.next/server/app/pokemon/[name]/[game]/[dex]/page.js:2:7688)
Error loading Pokémon data: Error: Failed to fetch Pokemon species data for name: pikachu-libre: 404
    at <unknown> (.next/server/app/pokemon/[name]/[game]/[dex]/page.js:2:7688)
Error generating metadata: Error: Failed to fetch Pokemon species data for name: pikachu-libre: 404
    at <unknown> (.next/server/app/pokemon/[name]/[game]/[dex]/page.js:2:7688)
Error loading Pokémon data: Error: Failed to fetch Pokemon species data for name: pikachu-belle: 404
    at <unknown> (.next/server/app/pokemon/[name]/[game]/[dex]/page.js:2:7688)
Error generating metadata: Error: Failed to fetch Pokemon species data for name: pikachu-belle: 404
    at <unknown> (.next/server/app/pokemon/[name]/[game]/[dex]/page.js:2:7688)
Error loading Pokémon data: Error: Failed to fetch Pokemon species data for name: pikachu-sinnoh-cap: 404
    at <unknown> (.next/server/app/pokemon/[name]/[game]/[dex]/page.js:2:7688)
Error generating metadata: Error: Failed to fetch Pokemon species data for name: pikachu-sinnoh-cap: 404
    at <unknown> (.next/server/app/pokemon/[name]/[game]/[dex]/page.js:2:7688)
Error loading Pokémon data: Error: Failed to fetch Pokemon species data for name: pikachu-original-cap: 404
    at <unknown> (.next/server/app/pokemon/[name]/[game]/[dex]/page.js:2:7688)
Error generating metadata: Error: Failed to fetch Pokemon species data for name: pikachu-original-cap: 404
    at <unknown> (.next/server/app/pokemon/[name]/[game]/[dex]/page.js:2:7688)
Error loading Pokémon data: Error: Failed to fetch Pokemon species data for name: pikachu-cosplay: 404
    at <unknown> (.next/server/app/pokemon/[name]/[game]/[dex]/page.js:2:7688)
Error generating metadata: Error: Failed to fetch Pokemon species data for name: pikachu-cosplay: 404
    at <unknown> (.next/server/app/pokemon/[name]/[game]/[dex]/page.js:2:7688)
Error loading Pokémon data: Error: Failed to fetch Pokemon species data for name: ogerpon-hearthflame-mask: 404
    at <unknown> (.next/server/app/pokemon/[name]/[game]/[dex]/page.js:2:7688)
Error generating metadata: Error: Failed to fetch Pokemon species data for name: ogerpon-hearthflame-mask: 404
    at <unknown> (.next/server/app/pokemon/[name]/[game]/[dex]/page.js:2:7688)
Error loading Pokémon data: Error: Failed to fetch Pokemon species data for name: ogerpon-wellspring-mask: 404
    at <unknown> (.next/server/app/pokemon/[name]/[game]/[dex]/page.js:2:7688)
Error generating metadata: Error: Failed to fetch Pokemon species data for name: ogerpon-wellspring-mask: 404
    at <unknown> (.next/server/app/pokemon/[name]/[game]/[dex]/page.js:2:7688)
Error loading Pokémon data: Error: Failed to fetch Pokemon species data for name: pikachu-alola-cap: 404
    at <unknown> (.next/server/app/pokemon/[name]/[game]/[dex]/page.js:2:7688)
Error generating metadata: Error: Failed to fetch Pokemon species data for name: pikachu-alola-cap: 404
    at <unknown> (.next/server/app/pokemon/[name]/[game]/[dex]/page.js:2:7688)
Error loading Pokémon data: Error: Failed to fetch Pokemon species data for name: pikachu-partner-cap: 404
    at <unknown> (.next/server/app/pokemon/[name]/[game]/[dex]/page.js:2:7688)
Error generating metadata: Error: Failed to fetch Pokemon species data for name: pikachu-partner-cap: 404
    at <unknown> (.next/server/app/pokemon/[name]/[game]/[dex]/page.js:2:7688)
Error loading Pokémon data: Error: Failed to fetch Pokemon species data for name: pikachu-unova-cap: 404
    at <unknown> (.next/server/app/pokemon/[name]/[game]/[dex]/page.js:2:7688)
Error generating metadata: Error: Failed to fetch Pokemon species data for name: pikachu-unova-cap: 404
    at <unknown> (.next/server/app/pokemon/[name]/[game]/[dex]/page.js:2:7688)
Error loading Pokémon data: Error: Failed to fetch Pokemon species data for name: ogerpon-cornerstone-mask: 404
    at <unknown> (.next/server/app/pokemon/[name]/[game]/[dex]/page.js:2:7688)
Error generating metadata: Error: Failed to fetch Pokemon species data for name: ogerpon-cornerstone-mask: 404
    at <unknown> (.next/server/app/pokemon/[name]/[game]/[dex]/page.js:2:7688)
Error loading Pokémon data: Error: Failed to fetch Pokemon species data for name: pikachu-starter: 404
    at <unknown> (.next/server/app/pokemon/[name]/[game]/[dex]/page.js:2:7688)
Error generating metadata: Error: Failed to fetch Pokemon species data for name: pikachu-starter: 404
    at <unknown> (.next/server/app/pokemon/[name]/[game]/[dex]/page.js:2:7688)
Error loading Pokémon data: Error: Failed to fetch Pokemon species data for name: pikachu-world-cap: 404
    at <unknown> (.next/server/app/pokemon/[name]/[game]/[dex]/page.js:2:7688)
Error generating metadata: Error: Failed to fetch Pokemon species data for name: pikachu-world-cap: 404
    at <unknown> (.next/server/app/pokemon/[name]/[game]/[dex]/page.js:2:7688)
Error loading Pokémon data: Error: Failed to fetch Pokemon species data for name: raticate-totem: 404
    at <unknown> (.next/server/app/pokemon/[name]/[game]/[dex]/page.js:2:7688)
Error generating metadata: Error: Failed to fetch Pokemon species data for name: raticate-totem: 404
    at <unknown> (.next/server/app/pokemon/[name]/[game]/[dex]/page.js:2:7688)
Error loading Pokémon data: Error: Failed to fetch Pokemon species data for name: wormadam-trash: 404
    at <unknown> (.next/server/app/pokemon/[name]/[game]/[dex]/page.js:2:7688)
Error generating metadata: Error: Failed to fetch Pokemon species data for name: wormadam-trash: 404
    at <unknown> (.next/server/app/pokemon/[name]/[game]/[dex]/page.js:2:7688)
Error loading Pokémon data: Error: Failed to fetch Pokemon species data for name: wormadam-sandy: 404
    at <unknown> (.next/server/app/pokemon/[name]/[game]/[dex]/page.js:2:7688)
Error generating metadata: Error: Failed to fetch Pokemon species data for name: wormadam-sandy: 404
    at <unknown> (.next/server/app/pokemon/[name]/[game]/[dex]/page.js:2:7688)
Error loading Pokémon data: Error: Failed to fetch Pokemon species data for name: rotom-heat: 404
    at <unknown> (.next/server/app/pokemon/[name]/[game]/[dex]/page.js:2:7688)
Error generating metadata: Error: Failed to fetch Pokemon species data for name: rotom-heat: 404
    at <unknown> (.next/server/app/pokemon/[name]/[game]/[dex]/page.js:2:7688)
Error loading Pokémon data: Error: Failed to fetch Pokemon species data for name: rotom-mow: 404
    at <unknown> (.next/server/app/pokemon/[name]/[game]/[dex]/page.js:2:7688)
Error generating metadata: Error: Failed to fetch Pokemon species data for name: rotom-mow: 404
    at <unknown> (.next/server/app/pokemon/[name]/[game]/[dex]/page.js:2:7688)
Error loading Pokémon data: Error: Failed to fetch Pokemon species data for name: rotom-fan: 404
    at <unknown> (.next/server/app/pokemon/[name]/[game]/[dex]/page.js:2:7688)
Error generating metadata: Error: Failed to fetch Pokemon species data for name: rotom-fan: 404
    at <unknown> (.next/server/app/pokemon/[name]/[game]/[dex]/page.js:2:7688)
Error loading Pokémon data: Error: Failed to fetch Pokemon species data for name: rotom-wash: 404
    at <unknown> (.next/server/app/pokemon/[name]/[game]/[dex]/page.js:2:7688)
Error generating metadata: Error: Failed to fetch Pokemon species data for name: rotom-wash: 404
    at <unknown> (.next/server/app/pokemon/[name]/[game]/[dex]/page.js:2:7688)
Error loading Pokémon data: Error: Failed to fetch Pokemon species data for name: rotom-frost: 404
    at <unknown> (.next/server/app/pokemon/[name]/[game]/[dex]/page.js:2:7688)
Error generating metadata: Error: Failed to fetch Pokemon species data for name: rotom-frost: 404
    at <unknown> (.next/server/app/pokemon/[name]/[game]/[dex]/page.js:2:7688)
Error loading Pokémon data: Error: Failed to fetch Pokemon species data for name: castform-rainy: 404
    at <unknown> (.next/server/app/pokemon/[name]/[game]/[dex]/page.js:2:7688)
Error generating metadata: Error: Failed to fetch Pokemon species data for name: castform-rainy: 404
    at <unknown> (.next/server/app/pokemon/[name]/[game]/[dex]/page.js:2:7688)
Error loading Pokémon data: Error: Failed to fetch Pokemon species data for name: castform-sunny: 404
    at <unknown> (.next/server/app/pokemon/[name]/[game]/[dex]/page.js:2:7688)
Error generating metadata: Error: Failed to fetch Pokemon species data for name: castform-sunny: 404
    at <unknown> (.next/server/app/pokemon/[name]/[game]/[dex]/page.js:2:7688)
Error loading Pokémon data: Error: Failed to fetch Pokemon species data for name: castform-snowy: 404
    at <unknown> (.next/server/app/pokemon/[name]/[game]/[dex]/page.js:2:7688)
Error generating metadata: Error: Failed to fetch Pokemon species data for name: castform-snowy: 404
    at <unknown> (.next/server/app/pokemon/[name]/[game]/[dex]/page.js:2:7688)
Error loading Pokémon data: Error: Failed to fetch Pokemon species data for name: basculin-white-striped: 404
    at <unknown> (.next/server/app/pokemon/[name]/[game]/[dex]/page.js:2:7688)
Error generating metadata: Error: Failed to fetch Pokemon species data for name: basculin-white-striped: 404
    at <unknown> (.next/server/app/pokemon/[name]/[game]/[dex]/page.js:2:7688)
Error loading Pokémon data: Error: Failed to fetch Pokemon species data for name: basculin-blue-striped: 404
    at <unknown> (.next/server/app/pokemon/[name]/[game]/[dex]/page.js:2:7688)
Error generating metadata: Error: Failed to fetch Pokemon species data for name: basculin-blue-striped: 404
    at <unknown> (.next/server/app/pokemon/[name]/[game]/[dex]/page.js:2:7688)
Error loading Pokémon data: Error: Failed to fetch Pokemon species data for name: greninja-battle-bond: 404
    at <unknown> (.next/server/app/pokemon/[name]/[game]/[dex]/page.js:2:7688)
Error generating metadata: Error: Failed to fetch Pokemon species data for name: greninja-battle-bond: 404
    at <unknown> (.next/server/app/pokemon/[name]/[game]/[dex]/page.js:2:7688)
Error loading Pokémon data: Error: Failed to fetch Pokemon species data for name: greninja-ash: 404
    at <unknown> (.next/server/app/pokemon/[name]/[game]/[dex]/page.js:2:7688)
Error generating metadata: Error: Failed to fetch Pokemon species data for name: greninja-ash: 404
    at <unknown> (.next/server/app/pokemon/[name]/[game]/[dex]/page.js:2:7688)
Error loading Pokémon data: Error: Failed to fetch Pokemon species data for name: dialga-origin: 404
    at <unknown> (.next/server/app/pokemon/[name]/[game]/[dex]/page.js:2:7688)
Error generating metadata: Error: Failed to fetch Pokemon species data for name: dialga-origin: 404
    at <unknown> (.next/server/app/pokemon/[name]/[game]/[dex]/page.js:2:7688)
Error loading Pokémon data: Error: Failed to fetch Pokemon species data for name: palkia-origin: 404
    at <unknown> (.next/server/app/pokemon/[name]/[game]/[dex]/page.js:2:7688)
Error generating metadata: Error: Failed to fetch Pokemon species data for name: palkia-origin: 404
    at <unknown> (.next/server/app/pokemon/[name]/[game]/[dex]/page.js:2:7688)
Error loading Pokémon data: Error: Failed to fetch Pokemon species data for name: pikachu-rock-star: 404
    at <unknown> (.next/server/app/pokemon/[name]/[game]/[dex]/page.js:2:7688)
Error generating metadata: Error: Failed to fetch Pokemon species data for name: pikachu-rock-star: 404
    at <unknown> (.next/server/app/pokemon/[name]/[game]/[dex]/page.js:2:7688)
Error loading Pokémon data: Error: Failed to fetch Pokemon species data for name: pikachu-pop-star: 404
    at <unknown> (.next/server/app/pokemon/[name]/[game]/[dex]/page.js:2:7688)
Error generating metadata: Error: Failed to fetch Pokemon species data for name: pikachu-pop-star: 404
    at <unknown> (.next/server/app/pokemon/[name]/[game]/[dex]/page.js:2:7688)
Error loading Pokémon data: Error: Failed to fetch Pokemon species data for name: pikachu-belle: 404
    at <unknown> (.next/server/app/pokemon/[name]/[game]/[dex]/page.js:2:7688)
Error generating metadata: Error: Failed to fetch Pokemon species data for name: pikachu-belle: 404
    at <unknown> (.next/server/app/pokemon/[name]/[game]/[dex]/page.js:2:7688)
Error loading Pokémon data: Error: Failed to fetch Pokemon species data for name: pikachu-phd: 404
    at <unknown> (.next/server/app/pokemon/[name]/[game]/[dex]/page.js:2:7688)
Error generating metadata: Error: Failed to fetch Pokemon species data for name: pikachu-phd: 404
    at <unknown> (.next/server/app/pokemon/[name]/[game]/[dex]/page.js:2:7688)
Error loading Pokémon data: Error: Failed to fetch Pokemon species data for name: pikachu-original-cap: 404
    at <unknown> (.next/server/app/pokemon/[name]/[game]/[dex]/page.js:2:7688)
Error generating metadata: Error: Failed to fetch Pokemon species data for name: pikachu-original-cap: 404
    at <unknown> (.next/server/app/pokemon/[name]/[game]/[dex]/page.js:2:7688)
Error loading Pokémon data: Error: Failed to fetch Pokemon species data for name: pikachu-libre: 404
    at <unknown> (.next/server/app/pokemon/[name]/[game]/[dex]/page.js:2:7688)
Error generating metadata: Error: Failed to fetch Pokemon species data for name: pikachu-libre: 404
    at <unknown> (.next/server/app/pokemon/[name]/[game]/[dex]/page.js:2:7688)
Error loading Pokémon data: Error: Failed to fetch Pokemon species data for name: pikachu-cosplay: 404
    at <unknown> (.next/server/app/pokemon/[name]/[game]/[dex]/page.js:2:7688)
Error generating metadata: Error: Failed to fetch Pokemon species data for name: pikachu-cosplay: 404
    at <unknown> (.next/server/app/pokemon/[name]/[game]/[dex]/page.js:2:7688)
Error loading Pokémon data: Error: Failed to fetch Pokemon species data for name: pikachu-unova-cap: 404
    at <unknown> (.next/server/app/pokemon/[name]/[game]/[dex]/page.js:2:7688)
Error generating metadata: Error: Failed to fetch Pokemon species data for name: pikachu-unova-cap: 404
    at <unknown> (.next/server/app/pokemon/[name]/[game]/[dex]/page.js:2:7688)
Error loading Pokémon data: Error: Failed to fetch Pokemon species data for name: pikachu-alola-cap: 404
    at <unknown> (.next/server/app/pokemon/[name]/[game]/[dex]/page.js:2:7688)
Error generating metadata: Error: Failed to fetch Pokemon species data for name: pikachu-alola-cap: 404
    at <unknown> (.next/server/app/pokemon/[name]/[game]/[dex]/page.js:2:7688)
Error loading Pokémon data: Error: Failed to fetch Pokemon species data for name: pikachu-sinnoh-cap: 404
    at <unknown> (.next/server/app/pokemon/[name]/[game]/[dex]/page.js:2:7688)
Error generating metadata: Error: Failed to fetch Pokemon species data for name: pikachu-sinnoh-cap: 404
    at <unknown> (.next/server/app/pokemon/[name]/[game]/[dex]/page.js:2:7688)
Error loading Pokémon data: Error: Failed to fetch Pokemon species data for name: pikachu-starter: 404
    at <unknown> (.next/server/app/pokemon/[name]/[game]/[dex]/page.js:2:7688)
Error generating metadata: Error: Failed to fetch Pokemon species data for name: pikachu-starter: 404
    at <unknown> (.next/server/app/pokemon/[name]/[game]/[dex]/page.js:2:7688)
Error loading Pokémon data: Error: Failed to fetch Pokemon species data for name: pikachu-partner-cap: 404
    at <unknown> (.next/server/app/pokemon/[name]/[game]/[dex]/page.js:2:7688)
Error generating metadata: Error: Failed to fetch Pokemon species data for name: pikachu-partner-cap: 404
    at <unknown> (.next/server/app/pokemon/[name]/[game]/[dex]/page.js:2:7688)
Error loading Pokémon data: Error: Failed to fetch Pokemon species data for name: pikachu-world-cap: 404
    at <unknown> (.next/server/app/pokemon/[name]/[game]/[dex]/page.js:2:7688)
Error generating metadata: Error: Failed to fetch Pokemon species data for name: pikachu-world-cap: 404
    at <unknown> (.next/server/app/pokemon/[name]/[game]/[dex]/page.js:2:7688)
Error loading Pokémon data: Error: Failed to fetch Pokemon species data for name: minior-orange-meteor: 404
    at <unknown> (.next/server/app/pokemon/[name]/[game]/[dex]/page.js:2:7688)
Error generating metadata: Error: Failed to fetch Pokemon species data for name: minior-orange-meteor: 404
    at <unknown> (.next/server/app/pokemon/[name]/[game]/[dex]/page.js:2:7688)
Error loading Pokémon data: Error: Failed to fetch Pokemon species data for name: minior-yellow-meteor: 404
    at <unknown> (.next/server/app/pokemon/[name]/[game]/[dex]/page.js:2:7688)
Error generating metadata: Error: Failed to fetch Pokemon species data for name: minior-yellow-meteor: 404
    at <unknown> (.next/server/app/pokemon/[name]/[game]/[dex]/page.js:2:7688)
Error loading Pokémon data: Error: Failed to fetch Pokemon species data for name: minior-green-meteor: 404
    at <unknown> (.next/server/app/pokemon/[name]/[game]/[dex]/page.js:2:7688)
Error generating metadata: Error: Failed to fetch Pokemon species data for name: minior-green-meteor: 404
    at <unknown> (.next/server/app/pokemon/[name]/[game]/[dex]/page.js:2:7688)
Error loading Pokémon data: Error: Failed to fetch Pokemon species data for name: minior-violet-meteor: 404
    at <unknown> (.next/server/app/pokemon/[name]/[game]/[dex]/page.js:2:7688)
Error generating metadata: Error: Failed to fetch Pokemon species data for name: minior-violet-meteor: 404
    at <unknown> (.next/server/app/pokemon/[name]/[game]/[dex]/page.js:2:7688)
Error loading Pokémon data: Error: Failed to fetch Pokemon species data for name: minior-blue-meteor: 404
    at <unknown> (.next/server/app/pokemon/[name]/[game]/[dex]/page.js:2:7688)
Error generating metadata: Error: Failed to fetch Pokemon species data for name: minior-blue-meteor: 404
    at <unknown> (.next/server/app/pokemon/[name]/[game]/[dex]/page.js:2:7688)
Error loading Pokémon data: Error: Failed to fetch Pokemon species data for name: minior-indigo-meteor: 404
    at <unknown> (.next/server/app/pokemon/[name]/[game]/[dex]/page.js:2:7688)
Error generating metadata: Error: Failed to fetch Pokemon species data for name: minior-indigo-meteor: 404
    at <unknown> (.next/server/app/pokemon/[name]/[game]/[dex]/page.js:2:7688)
Error loading Pokémon data: Error: Failed to fetch Pokemon species data for name: minior-yellow: 404
    at <unknown> (.next/server/app/pokemon/[name]/[game]/[dex]/page.js:2:7688)
Error generating metadata: Error: Failed to fetch Pokemon species data for name: minior-yellow: 404
    at <unknown> (.next/server/app/pokemon/[name]/[game]/[dex]/page.js:2:7688)
Error loading Pokémon data: Error: Failed to fetch Pokemon species data for name: minior-red: 404
    at <unknown> (.next/server/app/pokemon/[name]/[game]/[dex]/page.js:2:7688)
Error generating metadata: Error: Failed to fetch Pokemon species data for name: minior-red: 404
    at <unknown> (.next/server/app/pokemon/[name]/[game]/[dex]/page.js:2:7688)
Error loading Pokémon data: Error: Failed to fetch Pokemon species data for name: minior-orange: 404
    at <unknown> (.next/server/app/pokemon/[name]/[game]/[dex]/page.js:2:7688)
Error generating metadata: Error: Failed to fetch Pokemon species data for name: minior-orange: 404
    at <unknown> (.next/server/app/pokemon/[name]/[game]/[dex]/page.js:2:7688)
Error loading Pokémon data: Error: Failed to fetch Pokemon species data for name: minior-green: 404
    at <unknown> (.next/server/app/pokemon/[name]/[game]/[dex]/page.js:2:7688)
Error generating metadata: Error: Failed to fetch Pokemon species data for name: minior-green: 404
    at <unknown> (.next/server/app/pokemon/[name]/[game]/[dex]/page.js:2:7688)
Error loading Pokémon data: Error: Failed to fetch Pokemon species data for name: minior-blue: 404
    at <unknown> (.next/server/app/pokemon/[name]/[game]/[dex]/page.js:2:7688)
Error generating metadata: Error: Failed to fetch Pokemon species data for name: minior-blue: 404
    at <unknown> (.next/server/app/pokemon/[name]/[game]/[dex]/page.js:2:7688)
Error loading Pokémon data: Error: Failed to fetch Pokemon species data for name: minior-violet: 404
    at <unknown> (.next/server/app/pokemon/[name]/[game]/[dex]/page.js:2:7688)
Error generating metadata: Error: Failed to fetch Pokemon species data for name: minior-violet: 404
    at <unknown> (.next/server/app/pokemon/[name]/[game]/[dex]/page.js:2:7688)
Error loading Pokémon data: Error: Failed to fetch Pokemon species data for name: minior-indigo: 404
    at <unknown> (.next/server/app/pokemon/[name]/[game]/[dex]/page.js:2:7688)
Error generating metadata: Error: Failed to fetch Pokemon species data for name: minior-indigo: 404
    at <unknown> (.next/server/app/pokemon/[name]/[game]/[dex]/page.js:2:7688)
Error loading Pokémon data: Error: Failed to fetch Pokemon species data for name: alcremie-vanilla-cream-strawberry-sweet: 404
    at <unknown> (.next/server/app/pokemon/[name]/[game]/[dex]/page.js:2:7688)
Error generating metadata: Error: Failed to fetch Pokemon species data for name: alcremie-vanilla-cream-strawberry-sweet: 404
    at <unknown> (.next/server/app/pokemon/[name]/[game]/[dex]/page.js:2:7688)
Error loading Pokémon data: Error: Failed to fetch Pokemon species data for name: alcremie-mint-cream-strawberry-sweet: 404
    at <unknown> (.next/server/app/pokemon/[name]/[game]/[dex]/page.js:2:7688)
Error generating metadata: Error: Failed to fetch Pokemon species data for name: alcremie-mint-cream-strawberry-sweet: 404
    at <unknown> (.next/server/app/pokemon/[name]/[game]/[dex]/page.js:2:7688)
Error loading Pokémon data: Error: Failed to fetch Pokemon species data for name: alcremie-matcha-cream-strawberry-sweet: 404
    at <unknown> (.next/server/app/pokemon/[name]/[game]/[dex]/page.js:2:7688)
Error generating metadata: Error: Failed to fetch Pokemon species data for name: alcremie-matcha-cream-strawberry-sweet: 404
    at <unknown> (.next/server/app/pokemon/[name]/[game]/[dex]/page.js:2:7688)
Error loading Pokémon data: Error: Failed to fetch Pokemon species data for name: alcremie-ruby-cream-strawberry-sweet: 404
    at <unknown> (.next/server/app/pokemon/[name]/[game]/[dex]/page.js:2:7688)
Error generating metadata: Error: Failed to fetch Pokemon species data for name: alcremie-ruby-cream-strawberry-sweet: 404
    at <unknown> (.next/server/app/pokemon/[name]/[game]/[dex]/page.js:2:7688)
Error loading Pokémon data: Error: Failed to fetch Pokemon species data for name: alcremie-lemon-cream-strawberry-sweet: 404
    at <unknown> (.next/server/app/pokemon/[name]/[game]/[dex]/page.js:2:7688)
Error generating metadata: Error: Failed to fetch Pokemon species data for name: alcremie-lemon-cream-strawberry-sweet: 404
    at <unknown> (.next/server/app/pokemon/[name]/[game]/[dex]/page.js:2:7688)
Error loading Pokémon data: Error: Failed to fetch Pokemon species data for name: alcremie-rainbow-swirl-strawberry-sweet: 404
    at <unknown> (.next/server/app/pokemon/[name]/[game]/[dex]/page.js:2:7688)
Error generating metadata: Error: Failed to fetch Pokemon species data for name: alcremie-rainbow-swirl-strawberry-sweet: 404
    at <unknown> (.next/server/app/pokemon/[name]/[game]/[dex]/page.js:2:7688)
Error loading Pokémon data: Error: Failed to fetch Pokemon species data for name: alcremie-ruby-swirl-strawberry-sweet: 404
    at <unknown> (.next/server/app/pokemon/[name]/[game]/[dex]/page.js:2:7688)
Error generating metadata: Error: Failed to fetch Pokemon species data for name: alcremie-ruby-swirl-strawberry-sweet: 404
    at <unknown> (.next/server/app/pokemon/[name]/[game]/[dex]/page.js:2:7688)
Error loading Pokémon data: Error: Failed to fetch Pokemon species data for name: alcremie-salted-cream-strawberry-sweet: 404
    at <unknown> (.next/server/app/pokemon/[name]/[game]/[dex]/page.js:2:7688)
Error generating metadata: Error: Failed to fetch Pokemon species data for name: alcremie-salted-cream-strawberry-sweet: 404
    at <unknown> (.next/server/app/pokemon/[name]/[game]/[dex]/page.js:2:7688)
Error loading Pokémon data: Error: Failed to fetch Pokemon species data for name: alcremie-caramel-swirl-strawberry-sweet: 404
    at <unknown> (.next/server/app/pokemon/[name]/[game]/[dex]/page.js:2:7688)
Error generating metadata: Error: Failed to fetch Pokemon species data for name: alcremie-caramel-swirl-strawberry-sweet: 404
    at <unknown> (.next/server/app/pokemon/[name]/[game]/[dex]/page.js:2:7688)
Error loading Pokémon data: Error: Failed to fetch Pokemon species data for name: alcremie-vanilla-cream-berry-sweet: 404
    at <unknown> (.next/server/app/pokemon/[name]/[game]/[dex]/page.js:2:7688)
Error generating metadata: Error: Failed to fetch Pokemon species data for name: alcremie-vanilla-cream-berry-sweet: 404
    at <unknown> (.next/server/app/pokemon/[name]/[game]/[dex]/page.js:2:7688)
Error loading Pokémon data: Error: Failed to fetch Pokemon species data for name: alcremie-mint-cream-berry-sweet: 404
    at <unknown> (.next/server/app/pokemon/[name]/[game]/[dex]/page.js:2:7688)
Error generating metadata: Error: Failed to fetch Pokemon species data for name: alcremie-mint-cream-berry-sweet: 404
    at <unknown> (.next/server/app/pokemon/[name]/[game]/[dex]/page.js:2:7688)
Error loading Pokémon data: Error: Failed to fetch Pokemon species data for name: alcremie-ruby-cream-berry-sweet: 404
    at <unknown> (.next/server/app/pokemon/[name]/[game]/[dex]/page.js:2:7688)
Error generating metadata: Error: Failed to fetch Pokemon species data for name: alcremie-ruby-cream-berry-sweet: 404
    at <unknown> (.next/server/app/pokemon/[name]/[game]/[dex]/page.js:2:7688)
Error loading Pokémon data: Error: Failed to fetch Pokemon species data for name: alcremie-matcha-cream-berry-sweet: 404
    at <unknown> (.next/server/app/pokemon/[name]/[game]/[dex]/page.js:2:7688)
Error generating metadata: Error: Failed to fetch Pokemon species data for name: alcremie-matcha-cream-berry-sweet: 404
    at <unknown> (.next/server/app/pokemon/[name]/[game]/[dex]/page.js:2:7688)
Error loading Pokémon data: Error: Failed to fetch Pokemon species data for name: alcremie-caramel-swirl-berry-sweet: 404
    at <unknown> (.next/server/app/pokemon/[name]/[game]/[dex]/page.js:2:7688)
Error generating metadata: Error: Failed to fetch Pokemon species data for name: alcremie-caramel-swirl-berry-sweet: 404
    at <unknown> (.next/server/app/pokemon/[name]/[game]/[dex]/page.js:2:7688)
Error loading Pokémon data: Error: Failed to fetch Pokemon species data for name: alcremie-lemon-cream-berry-sweet: 404
    at <unknown> (.next/server/app/pokemon/[name]/[game]/[dex]/page.js:2:7688)
Error generating metadata: Error: Failed to fetch Pokemon species data for name: alcremie-lemon-cream-berry-sweet: 404
    at <unknown> (.next/server/app/pokemon/[name]/[game]/[dex]/page.js:2:7688)
Error loading Pokémon data: Error: Failed to fetch Pokemon species data for name: alcremie-salted-cream-berry-sweet: 404
    at <unknown> (.next/server/app/pokemon/[name]/[game]/[dex]/page.js:2:7688)
Error generating metadata: Error: Failed to fetch Pokemon species data for name: alcremie-salted-cream-berry-sweet: 404
    at <unknown> (.next/server/app/pokemon/[name]/[game]/[dex]/page.js:2:7688)
Error loading Pokémon data: Error: Failed to fetch Pokemon species data for name: alcremie-ruby-swirl-berry-sweet: 404
    at <unknown> (.next/server/app/pokemon/[name]/[game]/[dex]/page.js:2:7688)
Error generating metadata: Error: Failed to fetch Pokemon species data for name: alcremie-ruby-swirl-berry-sweet: 404
    at <unknown> (.next/server/app/pokemon/[name]/[game]/[dex]/page.js:2:7688)
Error loading Pokémon data: Error: Failed to fetch Pokemon species data for name: alcremie-vanilla-cream-love-sweet: 404
    at <unknown> (.next/server/app/pokemon/[name]/[game]/[dex]/page.js:2:7688)
Error generating metadata: Error: Failed to fetch Pokemon species data for name: alcremie-vanilla-cream-love-sweet: 404
    at <unknown> (.next/server/app/pokemon/[name]/[game]/[dex]/page.js:2:7688)
Error loading Pokémon data: Error: Failed to fetch Pokemon species data for name: alcremie-ruby-cream-love-sweet: 404
    at <unknown> (.next/server/app/pokemon/[name]/[game]/[dex]/page.js:2:7688)
Error generating metadata: Error: Failed to fetch Pokemon species data for name: alcremie-ruby-cream-love-sweet: 404
    at <unknown> (.next/server/app/pokemon/[name]/[game]/[dex]/page.js:2:7688)
Error loading Pokémon data: Error: Failed to fetch Pokemon species data for name: alcremie-rainbow-swirl-berry-sweet: 404
    at <unknown> (.next/server/app/pokemon/[name]/[game]/[dex]/page.js:2:7688)
Error generating metadata: Error: Failed to fetch Pokemon species data for name: alcremie-rainbow-swirl-berry-sweet: 404
    at <unknown> (.next/server/app/pokemon/[name]/[game]/[dex]/page.js:2:7688)
Error loading Pokémon data: Error: Failed to fetch Pokemon species data for name: alcremie-matcha-cream-love-sweet: 404
    at <unknown> (.next/server/app/pokemon/[name]/[game]/[dex]/page.js:2:7688)
Error generating metadata: Error: Failed to fetch Pokemon species data for name: alcremie-matcha-cream-love-sweet: 404
    at <unknown> (.next/server/app/pokemon/[name]/[game]/[dex]/page.js:2:7688)
Error loading Pokémon data: Error: Failed to fetch Pokemon species data for name: alcremie-ruby-swirl-love-sweet: 404
    at <unknown> (.next/server/app/pokemon/[name]/[game]/[dex]/page.js:2:7688)
Error generating metadata: Error: Failed to fetch Pokemon species data for name: alcremie-ruby-swirl-love-sweet: 404
    at <unknown> (.next/server/app/pokemon/[name]/[game]/[dex]/page.js:2:7688)
Error loading Pokémon data: Error: Failed to fetch Pokemon species data for name: alcremie-salted-cream-love-sweet: 404
    at <unknown> (.next/server/app/pokemon/[name]/[game]/[dex]/page.js:2:7688)
Error generating metadata: Error: Failed to fetch Pokemon species data for name: alcremie-salted-cream-love-sweet: 404
    at <unknown> (.next/server/app/pokemon/[name]/[game]/[dex]/page.js:2:7688)
Error loading Pokémon data: Error: Failed to fetch Pokemon species data for name: alcremie-lemon-cream-love-sweet: 404
    at <unknown> (.next/server/app/pokemon/[name]/[game]/[dex]/page.js:2:7688)
Error generating metadata: Error: Failed to fetch Pokemon species data for name: alcremie-lemon-cream-love-sweet: 404
    at <unknown> (.next/server/app/pokemon/[name]/[game]/[dex]/page.js:2:7688)
Error loading Pokémon data: Error: Failed to fetch Pokemon species data for name: alcremie-mint-cream-love-sweet: 404
    at <unknown> (.next/server/app/pokemon/[name]/[game]/[dex]/page.js:2:7688)
Error generating metadata: Error: Failed to fetch Pokemon species data for name: alcremie-mint-cream-love-sweet: 404
    at <unknown> (.next/server/app/pokemon/[name]/[game]/[dex]/page.js:2:7688)
Error loading Pokémon data: Error: Failed to fetch Pokemon species data for name: alcremie-rainbow-swirl-love-sweet: 404
    at <unknown> (.next/server/app/pokemon/[name]/[game]/[dex]/page.js:2:7688)
Error generating metadata: Error: Failed to fetch Pokemon species data for name: alcremie-rainbow-swirl-love-sweet: 404
    at <unknown> (.next/server/app/pokemon/[name]/[game]/[dex]/page.js:2:7688)
Error loading Pokémon data: Error: Failed to fetch Pokemon species data for name: alcremie-ruby-cream-star-sweet: 404
    at <unknown> (.next/server/app/pokemon/[name]/[game]/[dex]/page.js:2:7688)
Error generating metadata: Error: Failed to fetch Pokemon species data for name: alcremie-ruby-cream-star-sweet: 404
    at <unknown> (.next/server/app/pokemon/[name]/[game]/[dex]/page.js:2:7688)
Error loading Pokémon data: Error: Failed to fetch Pokemon species data for name: alcremie-caramel-swirl-love-sweet: 404
    at <unknown> (.next/server/app/pokemon/[name]/[game]/[dex]/page.js:2:7688)
Error generating metadata: Error: Failed to fetch Pokemon species data for name: alcremie-caramel-swirl-love-sweet: 404
    at <unknown> (.next/server/app/pokemon/[name]/[game]/[dex]/page.js:2:7688)
Error loading Pokémon data: Error: Failed to fetch Pokemon species data for name: alcremie-vanilla-cream-star-sweet: 404
    at <unknown> (.next/server/app/pokemon/[name]/[game]/[dex]/page.js:2:7688)
Error generating metadata: Error: Failed to fetch Pokemon species data for name: alcremie-vanilla-cream-star-sweet: 404
    at <unknown> (.next/server/app/pokemon/[name]/[game]/[dex]/page.js:2:7688)
Error loading Pokémon data: Error: Failed to fetch Pokemon species data for name: alcremie-salted-cream-star-sweet: 404
    at <unknown> (.next/server/app/pokemon/[name]/[game]/[dex]/page.js:2:7688)
Error generating metadata: Error: Failed to fetch Pokemon species data for name: alcremie-salted-cream-star-sweet: 404
    at <unknown> (.next/server/app/pokemon/[name]/[game]/[dex]/page.js:2:7688)
Error loading Pokémon data: Error: Failed to fetch Pokemon species data for name: alcremie-matcha-cream-star-sweet: 404
    at <unknown> (.next/server/app/pokemon/[name]/[game]/[dex]/page.js:2:7688)
Error generating metadata: Error: Failed to fetch Pokemon species data for name: alcremie-matcha-cream-star-sweet: 404
    at <unknown> (.next/server/app/pokemon/[name]/[game]/[dex]/page.js:2:7688)
Error loading Pokémon data: Error: Failed to fetch Pokemon species data for name: alcremie-mint-cream-star-sweet: 404
    at <unknown> (.next/server/app/pokemon/[name]/[game]/[dex]/page.js:2:7688)
Error generating metadata: Error: Failed to fetch Pokemon species data for name: alcremie-mint-cream-star-sweet: 404
    at <unknown> (.next/server/app/pokemon/[name]/[game]/[dex]/page.js:2:7688)
Error loading Pokémon data: Error: Failed to fetch Pokemon species data for name: alcremie-lemon-cream-star-sweet: 404
    at <unknown> (.next/server/app/pokemon/[name]/[game]/[dex]/page.js:2:7688)
Error generating metadata: Error: Failed to fetch Pokemon species data for name: alcremie-lemon-cream-star-sweet: 404
    at <unknown> (.next/server/app/pokemon/[name]/[game]/[dex]/page.js:2:7688)
Error loading Pokémon data: Error: Failed to fetch Pokemon species data for name: alcremie-ruby-swirl-star-sweet: 404
    at <unknown> (.next/server/app/pokemon/[name]/[game]/[dex]/page.js:2:7688)
Error generating metadata: Error: Failed to fetch Pokemon species data for name: alcremie-ruby-swirl-star-sweet: 404
    at <unknown> (.next/server/app/pokemon/[name]/[game]/[dex]/page.js:2:7688)
Error loading Pokémon data: Error: Failed to fetch Pokemon species data for name: alcremie-vanilla-cream-clover-sweet: 404
    at <unknown> (.next/server/app/pokemon/[name]/[game]/[dex]/page.js:2:7688)
Error generating metadata: Error: Failed to fetch Pokemon species data for name: alcremie-vanilla-cream-clover-sweet: 404
    at <unknown> (.next/server/app/pokemon/[name]/[game]/[dex]/page.js:2:7688)
Error loading Pokémon data: Error: Failed to fetch Pokemon species data for name: alcremie-rainbow-swirl-star-sweet: 404
    at <unknown> (.next/server/app/pokemon/[name]/[game]/[dex]/page.js:2:7688)
Error generating metadata: Error: Failed to fetch Pokemon species data for name: alcremie-rainbow-swirl-star-sweet: 404
    at <unknown> (.next/server/app/pokemon/[name]/[game]/[dex]/page.js:2:7688)
Error loading Pokémon data: Error: Failed to fetch Pokemon species data for name: alcremie-caramel-swirl-star-sweet: 404
    at <unknown> (.next/server/app/pokemon/[name]/[game]/[dex]/page.js:2:7688)
Error generating metadata: Error: Failed to fetch Pokemon species data for name: alcremie-caramel-swirl-star-sweet: 404
    at <unknown> (.next/server/app/pokemon/[name]/[game]/[dex]/page.js:2:7688)
Error loading Pokémon data: Error: Failed to fetch Pokemon species data for name: alcremie-ruby-cream-clover-sweet: 404
    at <unknown> (.next/server/app/pokemon/[name]/[game]/[dex]/page.js:2:7688)
Error generating metadata: Error: Failed to fetch Pokemon species data for name: alcremie-ruby-cream-clover-sweet: 404
    at <unknown> (.next/server/app/pokemon/[name]/[game]/[dex]/page.js:2:7688)
Error loading Pokémon data: Error: Failed to fetch Pokemon species data for name: alcremie-lemon-cream-clover-sweet: 404
    at <unknown> (.next/server/app/pokemon/[name]/[game]/[dex]/page.js:2:7688)
Error generating metadata: Error: Failed to fetch Pokemon species data for name: alcremie-lemon-cream-clover-sweet: 404
    at <unknown> (.next/server/app/pokemon/[name]/[game]/[dex]/page.js:2:7688)
Error loading Pokémon data: Error: Failed to fetch Pokemon species data for name: alcremie-mint-cream-clover-sweet: 404
    at <unknown> (.next/server/app/pokemon/[name]/[game]/[dex]/page.js:2:7688)
Error generating metadata: Error: Failed to fetch Pokemon species data for name: alcremie-mint-cream-clover-sweet: 404
    at <unknown> (.next/server/app/pokemon/[name]/[game]/[dex]/page.js:2:7688)
Error loading Pokémon data: Error: Failed to fetch Pokemon species data for name: alcremie-matcha-cream-clover-sweet: 404
    at <unknown> (.next/server/app/pokemon/[name]/[game]/[dex]/page.js:2:7688)
Error generating metadata: Error: Failed to fetch Pokemon species data for name: alcremie-matcha-cream-clover-sweet: 404
    at <unknown> (.next/server/app/pokemon/[name]/[game]/[dex]/page.js:2:7688)
Error loading Pokémon data: Error: Failed to fetch Pokemon species data for name: alcremie-caramel-swirl-clover-sweet: 404
    at <unknown> (.next/server/app/pokemon/[name]/[game]/[dex]/page.js:2:7688)
Error generating metadata: Error: Failed to fetch Pokemon species data for name: alcremie-caramel-swirl-clover-sweet: 404
    at <unknown> (.next/server/app/pokemon/[name]/[game]/[dex]/page.js:2:7688)
Error loading Pokémon data: Error: Failed to fetch Pokemon species data for name: alcremie-ruby-swirl-clover-sweet: 404
    at <unknown> (.next/server/app/pokemon/[name]/[game]/[dex]/page.js:2:7688)
Error generating metadata: Error: Failed to fetch Pokemon species data for name: alcremie-ruby-swirl-clover-sweet: 404
    at <unknown> (.next/server/app/pokemon/[name]/[game]/[dex]/page.js:2:7688)
Error loading Pokémon data: Error: Failed to fetch Pokemon species data for name: alcremie-salted-cream-clover-sweet: 404
    at <unknown> (.next/server/app/pokemon/[name]/[game]/[dex]/page.js:2:7688)
Error generating metadata: Error: Failed to fetch Pokemon species data for name: alcremie-salted-cream-clover-sweet: 404
    at <unknown> (.next/server/app/pokemon/[name]/[game]/[dex]/page.js:2:7688)
Error loading Pokémon data: Error: Failed to fetch Pokemon species data for name: alcremie-rainbow-swirl-clover-sweet: 404
    at <unknown> (.next/server/app/pokemon/[name]/[game]/[dex]/page.js:2:7688)
Error generating metadata: Error: Failed to fetch Pokemon species data for name: alcremie-rainbow-swirl-clover-sweet: 404
    at <unknown> (.next/server/app/pokemon/[name]/[game]/[dex]/page.js:2:7688)
Error loading Pokémon data: Error: Failed to fetch Pokemon species data for name: alcremie-matcha-cream-flower-sweet: 404
    at <unknown> (.next/server/app/pokemon/[name]/[game]/[dex]/page.js:2:7688)
Error generating metadata: Error: Failed to fetch Pokemon species data for name: alcremie-matcha-cream-flower-sweet: 404
    at <unknown> (.next/server/app/pokemon/[name]/[game]/[dex]/page.js:2:7688)
Error loading Pokémon data: Error: Failed to fetch Pokemon species data for name: alcremie-vanilla-cream-flower-sweet: 404
    at <unknown> (.next/server/app/pokemon/[name]/[game]/[dex]/page.js:2:7688)
Error generating metadata: Error: Failed to fetch Pokemon species data for name: alcremie-vanilla-cream-flower-sweet: 404
    at <unknown> (.next/server/app/pokemon/[name]/[game]/[dex]/page.js:2:7688)
Error loading Pokémon data: Error: Failed to fetch Pokemon species data for name: alcremie-mint-cream-flower-sweet: 404
    at <unknown> (.next/server/app/pokemon/[name]/[game]/[dex]/page.js:2:7688)
Error generating metadata: Error: Failed to fetch Pokemon species data for name: alcremie-mint-cream-flower-sweet: 404
    at <unknown> (.next/server/app/pokemon/[name]/[game]/[dex]/page.js:2:7688)
Error loading Pokémon data: Error: Failed to fetch Pokemon species data for name: alcremie-ruby-cream-flower-sweet: 404
    at <unknown> (.next/server/app/pokemon/[name]/[game]/[dex]/page.js:2:7688)
Error generating metadata: Error: Failed to fetch Pokemon species data for name: alcremie-ruby-cream-flower-sweet: 404
    at <unknown> (.next/server/app/pokemon/[name]/[game]/[dex]/page.js:2:7688)
Error loading Pokémon data: Error: Failed to fetch Pokemon species data for name: alcremie-ruby-swirl-flower-sweet: 404
    at <unknown> (.next/server/app/pokemon/[name]/[game]/[dex]/page.js:2:7688)
Error generating metadata: Error: Failed to fetch Pokemon species data for name: alcremie-ruby-swirl-flower-sweet: 404
    at <unknown> (.next/server/app/pokemon/[name]/[game]/[dex]/page.js:2:7688)
Error loading Pokémon data: Error: Failed to fetch Pokemon species data for name: alcremie-caramel-swirl-flower-sweet: 404
    at <unknown> (.next/server/app/pokemon/[name]/[game]/[dex]/page.js:2:7688)
Error generating metadata: Error: Failed to fetch Pokemon species data for name: alcremie-caramel-swirl-flower-sweet: 404
    at <unknown> (.next/server/app/pokemon/[name]/[game]/[dex]/page.js:2:7688)
Error loading Pokémon data: Error: Failed to fetch Pokemon species data for name: alcremie-lemon-cream-flower-sweet: 404
    at <unknown> (.next/server/app/pokemon/[name]/[game]/[dex]/page.js:2:7688)
Error generating metadata: Error: Failed to fetch Pokemon species data for name: alcremie-lemon-cream-flower-sweet: 404
    at <unknown> (.next/server/app/pokemon/[name]/[game]/[dex]/page.js:2:7688)
Error loading Pokémon data: Error: Failed to fetch Pokemon species data for name: alcremie-salted-cream-flower-sweet: 404
    at <unknown> (.next/server/app/pokemon/[name]/[game]/[dex]/page.js:2:7688)
Error generating metadata: Error: Failed to fetch Pokemon species data for name: alcremie-salted-cream-flower-sweet: 404
    at <unknown> (.next/server/app/pokemon/[name]/[game]/[dex]/page.js:2:7688)
Error loading Pokémon data: Error: Failed to fetch Pokemon species data for name: alcremie-matcha-cream-ribbon-sweet: 404
    at <unknown> (.next/server/app/pokemon/[name]/[game]/[dex]/page.js:2:7688)
Error generating metadata: Error: Failed to fetch Pokemon species data for name: alcremie-matcha-cream-ribbon-sweet: 404
    at <unknown> (.next/server/app/pokemon/[name]/[game]/[dex]/page.js:2:7688)
Error loading Pokémon data: Error: Failed to fetch Pokemon species data for name: alcremie-ruby-cream-ribbon-sweet: 404
    at <unknown> (.next/server/app/pokemon/[name]/[game]/[dex]/page.js:2:7688)
Error generating metadata: Error: Failed to fetch Pokemon species data for name: alcremie-ruby-cream-ribbon-sweet: 404
    at <unknown> (.next/server/app/pokemon/[name]/[game]/[dex]/page.js:2:7688)
Error loading Pokémon data: Error: Failed to fetch Pokemon species data for name: alcremie-rainbow-swirl-flower-sweet: 404
    at <unknown> (.next/server/app/pokemon/[name]/[game]/[dex]/page.js:2:7688)
Error generating metadata: Error: Failed to fetch Pokemon species data for name: alcremie-rainbow-swirl-flower-sweet: 404
    at <unknown> (.next/server/app/pokemon/[name]/[game]/[dex]/page.js:2:7688)
Error loading Pokémon data: Error: Failed to fetch Pokemon species data for name: alcremie-vanilla-cream-ribbon-sweet: 404
    at <unknown> (.next/server/app/pokemon/[name]/[game]/[dex]/page.js:2:7688)
Error generating metadata: Error: Failed to fetch Pokemon species data for name: alcremie-vanilla-cream-ribbon-sweet: 404
    at <unknown> (.next/server/app/pokemon/[name]/[game]/[dex]/page.js:2:7688)
Error loading Pokémon data: Error: Failed to fetch Pokemon species data for name: alcremie-mint-cream-ribbon-sweet: 404
    at <unknown> (.next/server/app/pokemon/[name]/[game]/[dex]/page.js:2:7688)
Error generating metadata: Error: Failed to fetch Pokemon species data for name: alcremie-mint-cream-ribbon-sweet: 404
    at <unknown> (.next/server/app/pokemon/[name]/[game]/[dex]/page.js:2:7688)
Error loading Pokémon data: Error: Failed to fetch Pokemon species data for name: alcremie-lemon-cream-ribbon-sweet: 404
    at <unknown> (.next/server/app/pokemon/[name]/[game]/[dex]/page.js:2:7688)
Error generating metadata: Error: Failed to fetch Pokemon species data for name: alcremie-lemon-cream-ribbon-sweet: 404
    at <unknown> (.next/server/app/pokemon/[name]/[game]/[dex]/page.js:2:7688)
Error loading Pokémon data: Error: Failed to fetch Pokemon species data for name: alcremie-ruby-swirl-ribbon-sweet: 404
    at <unknown> (.next/server/app/pokemon/[name]/[game]/[dex]/page.js:2:7688)
Error generating metadata: Error: Failed to fetch Pokemon species data for name: alcremie-ruby-swirl-ribbon-sweet: 404
    at <unknown> (.next/server/app/pokemon/[name]/[game]/[dex]/page.js:2:7688)
Error loading Pokémon data: Error: Failed to fetch Pokemon species data for name: alcremie-salted-cream-ribbon-sweet: 404
    at <unknown> (.next/server/app/pokemon/[name]/[game]/[dex]/page.js:2:7688)
Error generating metadata: Error: Failed to fetch Pokemon species data for name: alcremie-salted-cream-ribbon-sweet: 404
    at <unknown> (.next/server/app/pokemon/[name]/[game]/[dex]/page.js:2:7688)
Error loading Pokémon data: Error: Failed to fetch Pokemon species data for name: alcremie-rainbow-swirl-ribbon-sweet: 404
    at <unknown> (.next/server/app/pokemon/[name]/[game]/[dex]/page.js:2:7688)
Error generating metadata: Error: Failed to fetch Pokemon species data for name: alcremie-rainbow-swirl-ribbon-sweet: 404
    at <unknown> (.next/server/app/pokemon/[name]/[game]/[dex]/page.js:2:7688)
Error loading Pokémon data: Error: Failed to fetch Pokemon species data for name: alcremie-caramel-swirl-ribbon-sweet: 404
    at <unknown> (.next/server/app/pokemon/[name]/[game]/[dex]/page.js:2:7688)
Error generating metadata: Error: Failed to fetch Pokemon species data for name: alcremie-caramel-swirl-ribbon-sweet: 404
    at <unknown> (.next/server/app/pokemon/[name]/[game]/[dex]/page.js:2:7688)
Error loading Pokémon data: Error: Failed to fetch Pokemon species data for name: terapagos-terastal: 404
    at <unknown> (.next/server/app/pokemon/[name]/[game]/[dex]/page.js:2:7688)
Error generating metadata: Error: Failed to fetch Pokemon species data for name: terapagos-terastal: 404
    at <unknown> (.next/server/app/pokemon/[name]/[game]/[dex]/page.js:2:7688)
Error loading Pokémon data: Error: Failed to fetch Pokemon species data for name: terapagos-stellar: 404
    at <unknown> (.next/server/app/pokemon/[name]/[game]/[dex]/page.js:2:7688)
Error generating metadata: Error: Failed to fetch Pokemon species data for name: terapagos-stellar: 404
    at <unknown> (.next/server/app/pokemon/[name]/[game]/[dex]/page.js:2:7688)
Error loading Pokémon data: Error: Failed to fetch Pokemon species data for name: eevee-starter: 404
    at <unknown> (.next/server/app/pokemon/[name]/[game]/[dex]/page.js:2:7688)
Error generating metadata: Error: Failed to fetch Pokemon species data for name: eevee-starter: 404
    at <unknown> (.next/server/app/pokemon/[name]/[game]/[dex]/page.js:2:7688)
Error loading Pokémon data: Error: Failed to fetch Pokemon species data for name: wormadam-sandy: 404
    at <unknown> (.next/server/app/pokemon/[name]/[game]/[dex]/page.js:2:7688)
Error generating metadata: Error: Failed to fetch Pokemon species data for name: wormadam-sandy: 404
    at <unknown> (.next/server/app/pokemon/[name]/[game]/[dex]/page.js:2:7688)
Error loading Pokémon data: Error: Failed to fetch Pokemon species data for name: wormadam-trash: 404
    at <unknown> (.next/server/app/pokemon/[name]/[game]/[dex]/page.js:2:7688)
Error generating metadata: Error: Failed to fetch Pokemon species data for name: wormadam-trash: 404
    at <unknown> (.next/server/app/pokemon/[name]/[game]/[dex]/page.js:2:7688)
